 v-sweep         v(drain_iv)     v(gate_iv)      id              is              ib              ig              kcl            
 0.00000000e+00  0.00000000e+00  0.00000000e+00  1.10759669e-61  1.92770810e-63 -1.18989858e-61  6.30248047e-63  1.72723371e-77 
 1.00000000e-02  1.00000000e-02  0.00000000e+00 -4.82846238e-09  4.82831690e-09  3.21669243e-15  1.42255127e-13  4.00892407e-25 
 2.00000000e-02  2.00000000e-02  0.00000000e+00 -8.48311743e-09  8.48270310e-09  5.40532989e-15  4.08921762e-13  4.10313378e-25 
 3.00000000e-02  3.00000000e-02  0.00000000e+00 -1.11501624e-08  1.11493407e-08  6.89564748e-15  8.14795476e-13  1.04323226e-24 
 4.00000000e-02  4.00000000e-02  0.00000000e+00 -1.30760964e-08  1.30747178e-08  7.91164226e-15  1.37068935e-12  3.24897097e-25 
 5.00000000e-02  5.00000000e-02  0.00000000e+00 -1.45112283e-08  1.45091328e-08  8.60546942e-15  2.08687356e-12  2.64087281e-24 
 6.00000000e-02  6.00000000e-02  0.00000000e+00 -1.56544735e-08  1.56514907e-08  9.08047998e-15  2.97375780e-12  8.66044634e-25 
 7.00000000e-02  7.00000000e-02  0.00000000e+00 -1.66364081e-08  1.66323566e-08  9.40687783e-15  4.04209048e-12  1.33636824e-24 
 8.00000000e-02  8.00000000e-02  0.00000000e+00 -1.75340455e-08  1.75287329e-08  9.63235459e-15  5.30303898e-12  3.77676625e-24 
 9.00000000e-02  9.00000000e-02  0.00000000e+00 -1.83913346e-08  1.83845566e-08  9.78931070e-15  6.76823303e-12  1.83024250e-24 
 1.00000000e-01  1.00000000e-01  0.00000000e+00 -1.92337286e-08  1.92252689e-08  9.89975934e-15  8.44979477e-12  2.18552021e-24 
 1.10000000e-01  1.10000000e-01  0.00000000e+00 -2.00765775e-08  2.00662072e-08  9.97865727e-15  1.03603636e-11  1.43370736e-24 
 1.20000000e-01  1.20000000e-01  0.00000000e+00 -2.09296436e-08  2.09171205e-08  1.00361676e-14  1.25131188e-11  4.04188189e-24 
 1.30000000e-01  1.30000000e-01  0.00000000e+00 -2.17995127e-08  2.17845809e-08  1.00791969e-14  1.49218017e-11  5.80609515e-24 
 1.40000000e-01  1.40000000e-01  0.00000000e+00 -2.26909082e-08  2.26732973e-08  1.01124396e-14  1.76007378e-11  3.49117178e-24 
 1.50000000e-01  1.50000000e-01  0.00000000e+00 -2.36074287e-08  2.35868537e-08  1.01390874e-14  2.05648585e-11  2.32907238e-24 
 1.60000000e-01  1.60000000e-01  0.00000000e+00 -2.45519769e-08  2.45281370e-08  1.01613113e-14  2.38297247e-11  7.64601855e-25 
 1.70000000e-01  1.70000000e-01  0.00000000e+00 -2.55270174e-08  2.54995956e-08  1.01805891e-14  2.74115496e-11  1.92172039e-24 
 1.80000000e-01  1.80000000e-01  0.00000000e+00 -2.65347365e-08  2.65033991e-08  1.01979276e-14  3.13272228e-11  4.38913846e-24 
 1.90000000e-01  1.90000000e-01  0.00000000e+00 -2.75771453e-08  2.75415407e-08  1.02140141e-14  3.55943356e-11  1.26722931e-24 
 2.00000000e-01  2.00000000e-01  0.00000000e+00 -2.86561471e-08  2.86159057e-08  1.02293189e-14  4.02312058e-11  3.13703634e-24 
 2.10000000e-01  2.10000000e-01  0.00000000e+00 -2.97735838e-08  2.97283167e-08  1.02441648e-14  4.52569050e-11  6.62415968e-25 
 2.20000000e-01  2.20000000e-01  0.00000000e+00 -3.09312680e-08  3.08805665e-08  1.02587751e-14  5.06912851e-11  2.46161206e-24 
 2.30000000e-01  2.30000000e-01  0.00000000e+00 -3.21310062e-08  3.20744409e-08  1.02733051e-14  5.65550071e-11  1.00479422e-24 
 2.40000000e-01  2.40000000e-01  0.00000000e+00 -3.33746158e-08  3.33117360e-08  1.02878646e-14  6.28695697e-11  8.99653264e-25 
 2.50000000e-01  2.50000000e-01  0.00000000e+00 -3.46639385e-08  3.45942709e-08  1.03025324e-14  6.96573397e-11  7.61595506e-24 
 2.60000000e-01  2.60000000e-01  0.00000000e+00 -3.60008502e-08  3.59238983e-08  1.03173664e-14  7.69415831e-11  1.05661860e-23 
 2.70000000e-01  2.70000000e-01  0.00000000e+00 -3.73872694e-08  3.73025126e-08  1.03324107e-14  8.47464966e-11  1.30497789e-24 
 2.80000000e-01  2.80000000e-01  0.00000000e+00 -3.88251640e-08  3.87320564e-08  1.03477003e-14  9.30972415e-11  1.01687074e-23 
 2.90000000e-01  2.90000000e-01  0.00000000e+00 -4.03165573e-08  4.02145269e-08  1.03632641e-14  1.02019977e-10  2.30809972e-24 
 3.00000000e-01  3.00000000e-01  0.00000000e+00 -4.18635331e-08  4.17519808e-08  1.03791269e-14  1.11541898e-10  2.57016878e-24 
 3.10000000e-01  3.10000000e-01  0.00000000e+00 -4.34682405e-08  4.33465388e-08  1.03953115e-14  1.21691266e-10  4.07278157e-24 
 3.20000000e-01  3.20000000e-01  0.00000000e+00 -4.51328981e-08  4.50003902e-08  1.04118391e-14  1.32497454e-10  1.71306825e-24 
 3.30000000e-01  3.30000000e-01  0.00000000e+00 -4.68597983e-08  4.67157969e-08  1.04287304e-14  1.43990980e-10  7.52854927e-24 
 3.40000000e-01  3.40000000e-01  0.00000000e+00 -4.86513111e-08  4.84950971e-08  1.04460060e-14  1.56203549e-10  3.18699017e-24 
 3.50000000e-01  3.50000000e-01  0.00000000e+00 -5.05098878e-08  5.03407093e-08  1.04636865e-14  1.69168097e-10  2.50111505e-24 
 3.60000000e-01  3.60000000e-01  0.00000000e+00 -5.24380654e-08  5.22551361e-08  1.04817932e-14  1.82918829e-10  1.03369540e-23 
 3.70000000e-01  3.70000000e-01  0.00000000e+00 -5.44384696e-08  5.42409678e-08  1.05003479e-14  1.97491266e-10  1.77664634e-23 
 3.80000000e-01  3.80000000e-01  0.00000000e+00 -5.65138191e-08  5.63008863e-08  1.05193730e-14  2.12922291e-10  7.03722934e-24 
 3.90000000e-01  3.90000000e-01  0.00000000e+00 -5.86669293e-08  5.84376686e-08  1.05388922e-14  2.29250196e-10  2.62119546e-24 
 4.00000000e-01  4.00000000e-01  0.00000000e+00 -6.09007163e-08  6.06541910e-08  1.05589299e-14  2.46514729e-10  7.25934575e-24 
 4.10000000e-01  4.10000000e-01  0.00000000e+00 -6.32182006e-08  6.29534328e-08  1.05795115e-14  2.64757147e-10  4.94519547e-24 
 4.20000000e-01  4.20000000e-01  0.00000000e+00 -6.56225114e-08  6.53384806e-08  1.06006636e-14  2.84020266e-10  1.26887930e-23 
 4.30000000e-01  4.30000000e-01  0.00000000e+00 -6.81168910e-08  6.78125319e-08  1.06224141e-14  3.04348514e-10  2.69212131e-23 
 4.40000000e-01  4.40000000e-01  0.00000000e+00 -7.07046985e-08  7.03788999e-08  1.06447920e-14  3.25787990e-10  1.01324135e-24 
 4.50000000e-01  4.50000000e-01  0.00000000e+00 -7.33894146e-08  7.30410174e-08  1.06678276e-14  3.48386516e-10  1.11317866e-23 
 4.60000000e-01  4.60000000e-01  0.00000000e+00 -7.61746463e-08  7.58024419e-08  1.06915527e-14  3.72193700e-10  2.22931051e-23 
 4.70000000e-01  4.70000000e-01  0.00000000e+00 -7.90641313e-08  7.86668596e-08  1.07160003e-14  3.97260994e-10  8.71738632e-25 
 4.80000000e-01  4.80000000e-01  0.00000000e+00 -8.20617431e-08  8.16380906e-08  1.07412051e-14  4.23641758e-10  3.33283004e-23 
 4.90000000e-01  4.90000000e-01  0.00000000e+00 -8.51714958e-08  8.47200937e-08  1.07672033e-14  4.51391326e-10  2.96572415e-24 
 5.00000000e-01  5.00000000e-01  0.00000000e+00 -8.83975497e-08  8.79169719e-08  1.07940327e-14  4.80567071e-10  2.10614329e-23 
 5.10000000e-01  5.10000000e-01  0.00000000e+00 -9.17442166e-08  9.12329773e-08  1.08217328e-14  5.11228473e-10  2.09382554e-23 
 5.20000000e-01  5.20000000e-01  0.00000000e+00 -9.52159653e-08  9.46725172e-08  1.08503448e-14  5.43437195e-10  2.90387398e-23 
 5.30000000e-01  5.30000000e-01  0.00000000e+00 -9.88174275e-08  9.82401594e-08  1.08799119e-14  5.77257151e-10  1.17542436e-23 
 5.40000000e-01  5.40000000e-01  0.00000000e+00 -1.02553404e-07  1.01940639e-07  1.09104792e-14  6.12754584e-10  1.80706923e-23 
 5.50000000e-01  5.50000000e-01  0.00000000e+00 -1.06428871e-07  1.05778862e-07  1.09420937e-14  6.49998143e-10  3.37827158e-24 
 5.60000000e-01  5.60000000e-01  0.00000000e+00 -1.10448987e-07  1.09759917e-07  1.09748045e-14  6.89058968e-10  1.07886195e-24 
 5.70000000e-01  5.70000000e-01  0.00000000e+00 -1.14619099e-07  1.13889077e-07  1.10086629e-14  7.30010768e-10  2.26066489e-23 
 5.80000000e-01  5.80000000e-01  0.00000000e+00 -1.18944750e-07  1.18171809e-07  1.10437226e-14  7.72929907e-10  3.75048140e-24 
 5.90000000e-01  5.90000000e-01  0.00000000e+00 -1.23431686e-07  1.22613779e-07  1.10800395e-14  8.17895498e-10  2.97186259e-23 
 6.00000000e-01  6.00000000e-01  0.00000000e+00 -1.28085865e-07  1.27220864e-07  1.11176720e-14  8.64989489e-10  3.78803339e-23 
 6.10000000e-01  6.10000000e-01  0.00000000e+00 -1.32913463e-07  1.31999155e-07  1.11566811e-14  9.14296758e-10  5.31298167e-23 
 6.20000000e-01  6.20000000e-01  0.00000000e+00 -1.37920885e-07  1.36954969e-07  1.11971305e-14  9.65905212e-10  2.88668234e-23 
 6.30000000e-01  6.30000000e-01  0.00000000e+00 -1.43114772e-07  1.42094855e-07  1.12390867e-14  1.01990589e-09  5.50599763e-23 
 6.40000000e-01  6.40000000e-01  0.00000000e+00 -1.48502009e-07  1.47425605e-07  1.12826190e-14  1.07639305e-09  2.88004344e-23 
 6.50000000e-01  6.50000000e-01  0.00000000e+00 -1.54089738e-07  1.52954262e-07  1.13277998e-14  1.13546431e-09  1.17811643e-25 
 6.60000000e-01  6.60000000e-01  0.00000000e+00 -1.59885364e-07  1.58688132e-07  1.13747047e-14  1.19722071e-09  4.59192683e-23 
 6.70000000e-01  6.70000000e-01  0.00000000e+00 -1.65896569e-07  1.64634791e-07  1.14234125e-14  1.26176687e-09  2.88830787e-23 
 6.80000000e-01  6.80000000e-01  0.00000000e+00 -1.72131320e-07  1.70802097e-07  1.14740055e-14  1.32921110e-09  3.93994149e-23 
 6.90000000e-01  6.90000000e-01  0.00000000e+00 -1.78597880e-07  1.77198203e-07  1.15265695e-14  1.39966547e-09  4.70247874e-23 
 7.00000000e-01  7.00000000e-01  0.00000000e+00 -1.85304823e-07  1.83831565e-07  1.15811941e-14  1.47324601e-09  8.24834682e-23 
 7.10000000e-01  7.10000000e-01  0.00000000e+00 -1.92261042e-07  1.90710958e-07  1.16379726e-14  1.55007279e-09  3.05121553e-23 
 7.20000000e-01  7.20000000e-01  0.00000000e+00 -1.99475766e-07  1.97845484e-07  1.16970025e-14  1.63027006e-09  1.02663400e-23 
 7.30000000e-01  7.30000000e-01  0.00000000e+00 -2.06958569e-07  2.05244591e-07  1.17583854e-14  1.71396639e-09  1.96198700e-23 
 7.40000000e-01  7.40000000e-01  0.00000000e+00 -2.14719387e-07  2.12918081e-07  1.18222272e-14  1.80129483e-09  1.18918573e-24 
 7.50000000e-01  7.50000000e-01  0.00000000e+00 -2.22768531e-07  2.20876126e-07  1.18886386e-14  1.89239301e-09  3.93857755e-23 
 7.60000000e-01  7.60000000e-01  0.00000000e+00 -2.31116702e-07  2.29129286e-07  1.19577346e-14  1.98740333e-09  6.17213134e-23 
 7.70000000e-01  7.70000000e-01  0.00000000e+00 -2.39775006e-07  2.37688521e-07  1.20296356e-14  2.08647309e-09  1.44343509e-22 
 7.80000000e-01  7.80000000e-01  0.00000000e+00 -2.48754974e-07  2.46565207e-07  1.21044667e-14  2.18975467e-09  3.24152365e-23 
 7.90000000e-01  7.90000000e-01  0.00000000e+00 -2.58068573e-07  2.55771155e-07  1.21823585e-14  2.29740569e-09  8.51066469e-23 
 8.00000000e-01  8.00000000e-01  0.00000000e+00 -2.67728230e-07  2.65318628e-07  1.22634473e-14  2.40958914e-09  6.67174188e-23 
 8.10000000e-01  8.10000000e-01  0.00000000e+00 -2.77746846e-07  2.75220360e-07  1.23478748e-14  2.52647361e-09  4.16455197e-23 
 8.20000000e-01  8.20000000e-01  0.00000000e+00 -2.88137816e-07  2.85489570e-07  1.24357891e-14  2.64823344e-09  7.24255848e-23 
 8.30000000e-01  8.30000000e-01  0.00000000e+00 -2.98915052e-07  2.96139991e-07  1.25273442e-14  2.77504890e-09  7.46796775e-23 
 8.40000000e-01  8.40000000e-01  0.00000000e+00 -3.10093001e-07  3.07185882e-07  1.26227008e-14  2.90710641e-09  6.32530289e-23 
 8.50000000e-01  8.50000000e-01  0.00000000e+00 -3.21686668e-07  3.18642057e-07  1.27220262e-14  3.04459869e-09  6.88396818e-23 
 8.60000000e-01  8.60000000e-01  0.00000000e+00 -3.33711638e-07  3.30523901e-07  1.28254950e-14  3.18772500e-09  5.96323624e-25 
 8.70000000e-01  8.70000000e-01  0.00000000e+00 -3.46184101e-07  3.42847397e-07  1.29332887e-14  3.33669135e-09  1.71348414e-23 
 8.80000000e-01  8.80000000e-01  0.00000000e+00 -3.59120876e-07  3.55629152e-07  1.30455966e-14  3.49171069e-09  3.47572273e-23 
 8.90000000e-01  8.90000000e-01  0.00000000e+00 -3.72539436e-07  3.68886420e-07  1.31626161e-14  3.65300313e-09  7.31758578e-23 
 9.00000000e-01  9.00000000e-01  0.00000000e+00 -3.86457938e-07  3.82637128e-07  1.32845524e-14  3.82079622e-09  2.03113470e-22 
 9.10000000e-01  9.10000000e-01  0.00000000e+00 -4.00895246e-07  3.96899907e-07  1.34116195e-14  3.99532510e-09  3.73052953e-24 
 9.20000000e-01  9.20000000e-01  0.00000000e+00 -4.15870965e-07  4.11694119e-07  1.35440402e-14  4.17683283e-09  1.55196522e-22 
 9.30000000e-01  9.30000000e-01  0.00000000e+00 -4.31405471e-07  4.27039885e-07  1.48578782e-14  4.36557059e-09  2.29528900e-22 
 9.40000000e-01  9.40000000e-01  0.00000000e+00 -4.47519938e-07  4.42958123e-07  1.69237752e-14  4.56179792e-09  9.68986596e-23 
 9.50000000e-01  9.50000000e-01  0.00000000e+00 -4.64236376e-07  4.59470572e-07  1.99900516e-14  4.76578306e-09  1.29406769e-22 
 9.60000000e-01  9.60000000e-01  0.00000000e+00 -4.81577663e-07  4.76599835e-07  2.45075850e-14  4.97780314e-09  5.22833595e-23 
 9.70000000e-01  9.70000000e-01  0.00000000e+00 -4.99567584e-07  4.94369408e-07  3.11146991e-14  5.19814450e-09  3.05095111e-23 
 9.80000000e-01  9.80000000e-01  0.00000000e+00 -5.18230864e-07  5.12803720e-07  4.07089375e-14  5.42710301e-09  2.54798570e-22 
 9.90000000e-01  9.90000000e-01  0.00000000e+00 -5.37593210e-07  5.31928171e-07  5.45455974e-14  5.66498429e-09  2.33370590e-22 
 1.00000000e+00  1.00000000e+00  0.00000000e+00 -5.57681352e-07  5.51769173e-07  7.43796220e-14  5.91210411e-09  1.31781600e-22 
 1.01000000e+00  1.01000000e+00  0.00000000e+00 -5.78523082e-07  5.72354191e-07  1.02699073e-13  6.16878864e-09  4.74934907e-23 
 1.02000000e+00  1.02000000e+00  0.00000000e+00 -6.00147305e-07  5.93711787e-07  1.43201727e-13  6.43537480e-09  3.36355245e-22 
 1.03000000e+00  1.03000000e+00  0.00000000e+00 -6.22584079e-07  6.15871666e-07  2.01962033e-13  6.71221061e-09  2.71182308e-22 
 1.04000000e+00  1.04000000e+00  0.00000000e+00 -6.45864669e-07  6.38864723e-07  2.90476804e-13  6.99965549e-09  1.43186257e-22 
 1.05000000e+00  1.05000000e+00  0.00000000e+00 -6.70021606e-07  6.62723092e-07  4.33423564e-13  7.29808071e-09  1.50436456e-22 
 1.06000000e+00  1.06000000e+00  0.00000000e+00 -6.95088755e-07  6.87480198e-07  6.87242951e-13  7.60786964e-09  2.53514096e-22 
 1.07000000e+00  1.07000000e+00  0.00000000e+00 -7.21101411e-07  7.13170811e-07  1.18158146e-12  7.92941823e-09  1.41655892e-22 
 1.08000000e+00  1.08000000e+00  0.00000000e+00 -7.48096442e-07  7.39831101e-07  2.20545154e-12  8.26313534e-09  4.54941259e-23 
 1.09000000e+00  1.09000000e+00  0.00000000e+00 -7.76112513e-07  7.67498695e-07  4.37502156e-12  8.60944317e-09  1.46238101e-22 
 1.10000000e+00  1.10000000e+00  0.00000000e+00 -8.05190459e-07  7.96212740e-07  8.94144826e-12  8.96877767e-09  3.61571632e-22 
 1.11000000e+00  1.11000000e+00  0.00000000e+00 -8.35373880e-07  8.26013965e-07  1.83259343e-11  9.34158896e-09  1.27825254e-22 
 1.12000000e+00  1.12000000e+00  0.00000000e+00 -8.66710092e-07  8.56944744e-07  3.70054292e-11  9.72834177e-09  1.48104104e-22 
 1.13000000e+00  1.13000000e+00  0.00000000e+00 -8.99251601e-07  8.89049170e-07  7.29154813e-11  1.01295159e-08  5.28465014e-22 
 1.14000000e+00  1.14000000e+00  0.00000000e+00 -9.33058310e-07  9.22373118e-07  1.39585216e-10  1.05456067e-08  3.08073079e-22 
 1.15000000e+00  1.15000000e+00  0.00000000e+00 -9.68200724e-07  9.56964327e-07  2.59270940e-10  1.09771255e-08  1.54475979e-22 
 1.16000000e+00  1.16000000e+00  0.00000000e+00 -1.00476448e-06  9.92872472e-07  4.67406501e-10  1.14246002e-08  4.73560901e-23 
 1.17000000e+00  1.17000000e+00  0.00000000e+00 -1.04285656e-06  1.03014925e-06  8.18736935e-10  1.18885757e-08  1.00088854e-22 
 1.18000000e+00  1.18000000e+00  0.00000000e+00 -1.08261360e-06  1.06884844e-06  1.39554356e-09  1.23696144e-08  2.62629844e-22 
 1.19000000e+00  1.19000000e+00  0.00000000e+00 -1.12421274e-06  1.10902604e-06  2.31840045e-09  1.28682967e-08  3.92083610e-22 
 1.20000000e+00  1.20000000e+00  0.00000000e+00 -1.16788545e-06  1.15074030e-06  3.75992119e-09  1.33852220e-08  9.09898674e-23 
 0.00000000e+00  0.00000000e+00  1.00000000e-01  6.54400799e-12  6.54400799e-12  1.18775014e-14 -1.30998936e-11  8.08082232e-20 
 1.00000000e-02  1.00000000e-02  1.00000000e-01 -7.55593090e-08  7.55709737e-08  1.50955807e-14 -1.16797587e-11  1.49736604e-19 
 2.00000000e-02  2.00000000e-02  1.00000000e-01 -1.32690161e-07  1.32700603e-07  1.72882406e-14 -1.04587166e-11  1.68244949e-19 
 3.00000000e-02  3.00000000e-02  1.00000000e-01 -1.74321008e-07  1.74330415e-07  1.87855096e-14 -9.42552481e-12  2.89861552e-20 
 4.00000000e-02  4.00000000e-02  1.00000000e-01 -2.04322682e-07  2.04331232e-07  1.98115111e-14 -8.56945504e-12  6.04416920e-20 
 5.00000000e-02  5.00000000e-02  1.00000000e-01 -2.26619175e-07  2.26627035e-07  2.05182688e-14 -7.88031923e-12  1.11611882e-19 
 6.00000000e-02  6.00000000e-02  1.00000000e-01 -2.44326453e-07  2.44333781e-07  2.10088390e-14 -7.34856273e-12  1.66196814e-19 
 7.00000000e-02  7.00000000e-02  1.00000000e-01 -2.59489028e-07  2.59495972e-07  2.13531295e-14 -6.96558002e-12  3.54312117e-19 
 8.00000000e-02  8.00000000e-02  1.00000000e-01 -2.73312066e-07  2.73318769e-07  2.15986199e-14 -6.72471258e-12  2.04933569e-19 
 9.00000000e-02  9.00000000e-02  1.00000000e-01 -2.86482643e-07  2.86489238e-07  2.17775898e-14 -6.61662500e-12  5.98558884e-20 
 1.00000000e-01  1.00000000e-01  1.00000000e-01 -2.99398103e-07  2.99404637e-07  2.19120026e-14 -6.55593201e-12  2.34112021e-19 
 1.10000000e-01  1.10000000e-01  1.00000000e-01 -3.12297504e-07  3.12303896e-07  2.20168138e-14 -6.41367666e-12  2.05867533e-19 
 1.20000000e-01  1.20000000e-01  1.00000000e-01 -3.25332224e-07  3.25338349e-07  2.21022189e-14 -6.14701042e-12  5.05532124e-20 
 1.30000000e-01  1.30000000e-01  1.00000000e-01 -3.38603784e-07  3.38609503e-07  2.21751797e-14 -5.74113717e-12  1.65242537e-19 
 1.40000000e-01  1.40000000e-01  1.00000000e-01 -3.52184449e-07  3.52189612e-07  2.22404626e-14 -5.18524351e-12  1.28405420e-19 
 1.50000000e-01  1.50000000e-01  1.00000000e-01 -3.66128781e-07  3.66133228e-07  2.23013444e-14 -4.46905924e-12  2.06526440e-19 
 1.60000000e-01  1.60000000e-01  1.00000000e-01 -3.80480347e-07  3.80483907e-07  2.23600915e-14 -3.58217535e-12  1.35460105e-19 
 1.70000000e-01  1.70000000e-01  1.00000000e-01 -3.95275748e-07  3.95278240e-07  2.24182861e-14 -2.51384308e-12  2.87981392e-20 
 1.80000000e-01  1.80000000e-01  1.00000000e-01 -4.10547122e-07  4.10548353e-07  2.24770477e-14 -1.25289492e-12  1.86477925e-21 
 1.90000000e-01  1.90000000e-01  1.00000000e-01 -4.26323744e-07  4.26323510e-07  2.25371837e-14  2.12298928e-13  1.24270853e-19 
 2.00000000e-01  2.00000000e-01  1.00000000e-01 -4.42633082e-07  4.42631165e-07  2.25992917e-14  1.89386007e-12  1.47274535e-19 
 2.10000000e-01  2.10000000e-01  1.00000000e-01 -4.59501510e-07  4.59497683e-07  2.26638293e-14  3.80442878e-12  1.00731119e-19 
 2.20000000e-01  2.20000000e-01  1.00000000e-01 -4.76954808e-07  4.76948828e-07  2.27311614e-14  5.95718353e-12  1.26161386e-20 
 2.30000000e-01  2.30000000e-01  1.00000000e-01 -4.95018516e-07  4.95010128e-07  2.28015925e-14  8.36586616e-12  7.53105190e-20 
 2.40000000e-01  2.40000000e-01  1.00000000e-01 -5.13718197e-07  5.13707129e-07  2.28753887e-14  1.10448018e-11  7.17025366e-20 
 2.50000000e-01  2.50000000e-01  1.00000000e-01 -5.33079626e-07  5.33065595e-07  2.29527929e-14  1.40089221e-11  1.04703740e-20 
 2.60000000e-01  2.60000000e-01  1.00000000e-01 -5.53128952e-07  5.53111656e-07  2.30340349e-14  1.72737881e-11  2.21765052e-19 
 2.70000000e-01  2.70000000e-01  1.00000000e-01 -5.73892810e-07  5.73871931e-07  2.31193385e-14  2.08556122e-11  1.35459186e-19 
 2.80000000e-01  2.80000000e-01  1.00000000e-01 -5.95398422e-07  5.95373628e-07  2.32089269e-14  2.47712853e-11  1.85835952e-19 
 2.90000000e-01  2.90000000e-01  1.00000000e-01 -6.17673681e-07  6.17644620e-07  2.33030257e-14  2.90383973e-11  2.08221013e-20 
 3.00000000e-01  3.00000000e-01  1.00000000e-01 -6.40747220e-07  6.40713521e-07  2.34018657e-14  3.36752670e-11  1.09863639e-19 
 3.10000000e-01  3.10000000e-01  1.00000000e-01 -6.64648474e-07  6.64609750e-07  2.35056844e-14  3.87009658e-11  6.67877388e-20 
 3.20000000e-01  3.20000000e-01  1.00000000e-01 -6.89407740e-07  6.89363581e-07  2.36147279e-14  4.41353451e-11  2.36164265e-19 
 3.30000000e-01  3.30000000e-01  1.00000000e-01 -7.15056226e-07  7.15006203e-07  2.37292515e-14  4.99990665e-11  2.59628562e-19 
 3.40000000e-01  3.40000000e-01  1.00000000e-01 -7.41626101e-07  7.41569764e-07  2.38495207e-14  5.63136289e-11  5.31764472e-20 
 3.50000000e-01  3.50000000e-01  1.00000000e-01 -7.69150543e-07  7.69087418e-07  2.39758121e-14  6.31013982e-11  8.33410862e-20 
 3.60000000e-01  3.60000000e-01  1.00000000e-01 -7.97663785e-07  7.97593375e-07  2.41084140e-14  7.03856409e-11  1.64279144e-19 
 3.70000000e-01  3.70000000e-01  1.00000000e-01 -8.27201157e-07  8.27122942e-07  2.42476270e-14  7.81905536e-11  3.27604042e-19 
 3.80000000e-01  3.80000000e-01  1.00000000e-01 -8.57799132e-07  8.57712566e-07  2.43937645e-14  8.65412980e-11  2.14716407e-19 
 3.90000000e-01  3.90000000e-01  1.00000000e-01 -8.89495371e-07  8.89399882e-07  2.45471537e-14  9.54640332e-11  2.28978241e-19 
 4.00000000e-01  4.00000000e-01  1.00000000e-01 -9.22328766e-07  9.22223755e-07  2.47081354e-14  1.04985952e-10  4.42666496e-19 
 4.10000000e-01  4.10000000e-01  1.00000000e-01 -9.56339483e-07  9.56224323e-07  2.48770656e-14  1.15135320e-10  2.33215004e-19 
 4.20000000e-01  4.20000000e-01  1.00000000e-01 -9.91569013e-07  9.91443046e-07  2.50543152e-14  1.25941507e-10  1.71818869e-20 
 4.30000000e-01  4.30000000e-01  1.00000000e-01 -1.02806021e-06  1.02792275e-06  2.52402711e-14  1.37435033e-10  1.12692737e-19 
 4.40000000e-01  4.40000000e-01  1.00000000e-01 -1.06585734e-06  1.06570767e-06  2.54353368e-14  1.49647602e-10  4.42407378e-20 
 4.50000000e-01  4.50000000e-01  1.00000000e-01 -1.10500614e-06  1.10484350e-06  2.56399330e-14  1.62612149e-10  1.09834708e-19 
 4.60000000e-01  4.60000000e-01  1.00000000e-01 -1.14555385e-06  1.14537746e-06  2.58544982e-14  1.76362879e-10  9.93661667e-20 
 4.70000000e-01  4.70000000e-01  1.00000000e-01 -1.18754926e-06  1.18735830e-06  2.60794895e-14  1.90935315e-10  4.07648100e-19 
 4.80000000e-01  4.80000000e-01  1.00000000e-01 -1.23104281e-06  1.23083641e-06  2.63153832e-14  2.06366339e-10  2.36422949e-19 
 4.90000000e-01  4.90000000e-01  1.00000000e-01 -1.27608656e-06  1.27586383e-06  2.65626758e-14  2.22694243e-10  1.18551523e-19 
 5.00000000e-01  5.00000000e-01  1.00000000e-01 -1.32273431e-06  1.32249433e-06  2.68218845e-14  2.39958776e-10  2.05097133e-19 
 5.10000000e-01  5.10000000e-01  1.00000000e-01 -1.37104166e-06  1.37078343e-06  2.70935483e-14  2.58201193e-10  9.70682189e-20 
 5.20000000e-01  5.20000000e-01  1.00000000e-01 -1.42106601e-06  1.42078851e-06  2.73782284e-14  2.77464310e-10  3.39194288e-19 
 5.30000000e-01  5.30000000e-01  1.00000000e-01 -1.47286667e-06  1.47256885e-06  2.76765095e-14  2.97792558e-10  4.63514131e-20 
 5.40000000e-01  5.40000000e-01  1.00000000e-01 -1.52650491e-06  1.52618565e-06  2.79890005e-14  3.19232033e-10  2.07033098e-19 
 5.50000000e-01  5.50000000e-01  1.00000000e-01 -1.58204403e-06  1.58170218e-06  2.83163352e-14  3.41830558e-10  3.07998032e-19 
 5.60000000e-01  5.60000000e-01  1.00000000e-01 -1.63954942e-06  1.63918375e-06  2.86591739e-14  3.65637740e-10  5.17346443e-20 
 5.70000000e-01  5.70000000e-01  1.00000000e-01 -1.69908860e-06  1.69869786e-06  2.90182036e-14  3.90705032e-10  1.20274082e-19 
 5.80000000e-01  5.80000000e-01  1.00000000e-01 -1.76073135e-06  1.76031424e-06  2.93941395e-14  4.17085796e-10  2.35702110e-19 
 5.90000000e-01  5.90000000e-01  1.00000000e-01 -1.82454976e-06  1.82410489e-06  2.97877259e-14  4.44835362e-10  1.01326161e-19 
 6.00000000e-01  6.00000000e-01  1.00000000e-01 -1.89061827e-06  1.89014423e-06  3.01997375e-14  4.74011106e-10  2.09230812e-19 
 6.10000000e-01  6.10000000e-01  1.00000000e-01 -1.95901382e-06  1.95850912e-06  3.06309801e-14  5.04672507e-10  2.06158620e-19 
 6.20000000e-01  6.20000000e-01  1.00000000e-01 -2.02981587e-06  2.02927896e-06  3.10822921e-14  5.36881227e-10  1.18220395e-19 
 6.30000000e-01  6.30000000e-01  1.00000000e-01 -2.10310652e-06  2.10253579e-06  3.15545456e-14  5.70701181e-10  2.15840350e-19 
 6.40000000e-01  6.40000000e-01  1.00000000e-01 -2.17897059e-06  2.17836436e-06  3.20486478e-14  6.06198612e-10  5.68378672e-20 
 6.50000000e-01  6.50000000e-01  1.00000000e-01 -2.25749571e-06  2.25685223e-06  3.25655420e-14  6.43442170e-10  1.17749116e-19 
 6.60000000e-01  6.60000000e-01  1.00000000e-01 -2.33877242e-06  2.33808988e-06  3.31062089e-14  6.82502994e-10  1.37086710e-20 
 6.70000000e-01  6.70000000e-01  1.00000000e-01 -2.42289426e-06  2.42217078e-06  3.36716684e-14  7.23454791e-10  9.61256750e-20 
 6.80000000e-01  6.80000000e-01  1.00000000e-01 -2.50995792e-06  2.50919151e-06  3.42629804e-14  7.66373929e-10  1.83478645e-19 
 6.90000000e-01  6.90000000e-01  1.00000000e-01 -2.60006325e-06  2.59925188e-06  3.48812470e-14  8.11339518e-10  1.28716284e-19 
 7.00000000e-01  7.00000000e-01  1.00000000e-01 -2.69331349e-06  2.69245502e-06  3.55276132e-14  8.58433507e-10  8.17385433e-20 
 7.10000000e-01  7.10000000e-01  1.00000000e-01 -2.78981530e-06  2.78890752e-06  3.62032691e-14  9.07740774e-10  1.60014014e-19 
 7.20000000e-01  7.20000000e-01  1.00000000e-01 -2.88967889e-06  2.88871950e-06  3.69094508e-14  9.59349226e-10  3.16683786e-20 
 7.30000000e-01  7.30000000e-01  1.00000000e-01 -2.99301820e-06  2.99200481e-06  3.76474430e-14  1.01334990e-09  2.42420644e-19 
 7.40000000e-01  7.40000000e-01  1.00000000e-01 -3.09995096e-06  3.09888109e-06  3.84185799e-14  1.06983706e-09  7.57905968e-20 
 7.50000000e-01  7.50000000e-01  1.00000000e-01 -3.21059889e-06  3.20946994e-06  3.92242470e-14  1.12890831e-09  1.58718474e-19 
 7.60000000e-01  7.60000000e-01  1.00000000e-01 -3.32508777e-06  3.32389706e-06  4.00658836e-14  1.19066471e-09  3.34080251e-19 
 7.70000000e-01  7.70000000e-01  1.00000000e-01 -3.44354764e-06  3.44229239e-06  4.09449836e-14  1.25521088e-09  1.12993372e-19 
 7.80000000e-01  7.80000000e-01  1.00000000e-01 -3.56611293e-06  3.56479024e-06  4.18630986e-14  1.32265510e-09  1.13233619e-20 
 7.90000000e-01  7.90000000e-01  1.00000000e-01 -3.69292262e-06  3.69152947e-06  4.28218386e-14  1.39310947e-09  3.71126813e-19 
 8.00000000e-01  8.00000000e-01  1.00000000e-01 -3.82412038e-06  3.82265365e-06  4.38228752e-14  1.46669000e-09  2.75536813e-19 
 8.10000000e-01  8.10000000e-01  1.00000000e-01 -3.95985478e-06  3.95831122e-06  4.48679430e-14  1.54351678e-09  1.08817510e-19 
 8.20000000e-01  8.20000000e-01  1.00000000e-01 -4.10027941e-06  4.09865565e-06  4.59588418e-14  1.62371405e-09  3.71426606e-19 
 8.30000000e-01  8.30000000e-01  1.00000000e-01 -4.24555312e-06  4.24384566e-06  4.70974390e-14  1.70741038e-09  8.82045286e-20 
 8.40000000e-01  8.40000000e-01  1.00000000e-01 -4.39584015e-06  4.39404536e-06  4.82856720e-14  1.79473881e-09  2.15374868e-19 
 8.50000000e-01  8.50000000e-01  1.00000000e-01 -4.55131036e-06  4.54942447e-06  4.95255500e-14  1.88583699e-09  1.30128820e-20 
 8.60000000e-01  8.60000000e-01  1.00000000e-01 -4.71213943e-06  4.71015853e-06  5.08191571e-14  1.98084730e-09  2.46544004e-19 
 8.70000000e-01  8.70000000e-01  1.00000000e-01 -4.87850905e-06  4.87642908e-06  5.21686543e-14  2.07991706e-09  2.18621106e-19 
 8.80000000e-01  8.80000000e-01  1.00000000e-01 -5.05060713e-06  5.04842387e-06  5.35762821e-14  2.18319864e-09  2.65701109e-19 
 8.90000000e-01  8.90000000e-01  1.00000000e-01 -5.22862805e-06  5.22633715e-06  5.50443633e-14  2.29084965e-09  1.91357512e-19 
 9.00000000e-01  9.00000000e-01  1.00000000e-01 -5.41277289e-06  5.41036980e-06  5.65753057e-14  2.40303310e-09  3.69474084e-19 
 9.10000000e-01  9.10000000e-01  1.00000000e-01 -5.60324963e-06  5.60072965e-06  5.81716045e-14  2.51991757e-09  7.01558956e-20 
 9.20000000e-01  9.20000000e-01  1.00000000e-01 -5.80027345e-06  5.79763171e-06  5.98358456e-14  2.64167739e-09  1.20268693e-19 
 9.30000000e-01  9.30000000e-01  1.00000000e-01 -6.00406697e-06  6.00129840e-06  7.72906675e-14  2.76849285e-09  9.28271694e-20 
 9.40000000e-01  9.40000000e-01  1.00000000e-01 -6.21486048e-06  6.21195982e-06  1.05582568e-13  2.90055035e-09  1.36117995e-19 
 9.50000000e-01  9.50000000e-01  1.00000000e-01 -6.43289227e-06  6.42985408e-06  1.47532868e-13  3.03804263e-09  2.95438924e-19 
 9.60000000e-01  9.60000000e-01  1.00000000e-01 -6.65840887e-06  6.65522749e-06  2.09244843e-13  3.18116894e-09  2.43751919e-19 
 9.70000000e-01  9.70000000e-01  1.00000000e-01 -6.89166538e-06  6.88833495e-06  2.99333323e-13  3.33013528e-09  1.73798231e-19 
 9.80000000e-01  9.80000000e-01  1.00000000e-01 -7.13292577e-06  7.12944019e-06  4.29871158e-13  3.48515461e-09  1.45202130e-19 
 9.90000000e-01  9.90000000e-01  1.00000000e-01 -7.38246318e-06  7.37881612e-06  6.17660067e-13  3.64644706e-09  5.43020844e-20 
 1.00000000e+00  1.00000000e+00  1.00000000e-01 -7.64056026e-06  7.63674514e-06  8.85926127e-13  3.81424013e-09  1.33709218e-19 
 1.01000000e+00  1.01000000e+00  1.00000000e-01 -7.90750951e-06  7.90351948e-06  1.26656776e-12  3.98876901e-09  2.78839170e-19 
 1.02000000e+00  1.02000000e+00  1.00000000e-01 -8.18361363e-06  8.17944155e-06  1.80311837e-12  4.17027674e-09  3.70282484e-19 
 1.03000000e+00  1.03000000e+00  1.00000000e-01 -8.46918587e-06  8.46482431e-06  2.55462830e-12  4.35901449e-09  2.72436018e-20 
 1.04000000e+00  1.04000000e+00  1.00000000e-01 -8.76455046e-06  8.75999162e-06  3.60072254e-12  4.55524182e-09  3.08425945e-19 
 1.05000000e+00  1.05000000e+00  1.00000000e-01 -9.07004294e-06  9.06527866e-06  5.04815480e-12  4.75922695e-09  2.30642648e-19 
 1.06000000e+00  1.06000000e+00  1.00000000e-01 -9.38601059e-06  9.38103230e-06  7.03925566e-12  4.97124702e-09  1.04993621e-19 
 1.07000000e+00  1.07000000e+00  1.00000000e-01 -9.71281287e-06  9.70761152e-06  9.76276671e-12  5.19158838e-09  8.56968614e-20 
 1.08000000e+00  1.08000000e+00  1.00000000e-01 -1.00508218e-05  1.00453878e-05  1.34676661e-11  5.42054687e-09  5.17913485e-20 
 1.09000000e+00  1.09000000e+00  1.00000000e-01 -1.04004226e-05  1.03947457e-05  1.84807279e-11  5.65842815e-09  6.87406799e-21 
 1.10000000e+00  1.10000000e+00  1.00000000e-01 -1.07620138e-05  1.07560831e-05  2.52287287e-11  5.90554797e-09  4.96427372e-20 
 1.11000000e+00  1.11000000e+00  1.00000000e-01 -1.11360082e-05  1.11298117e-05  3.42664357e-11  6.16223249e-09  1.54877705e-19 
 1.12000000e+00  1.12000000e+00  1.00000000e-01 -1.15228330e-05  1.15163578e-05  4.63118435e-11  6.42881864e-09  6.57327604e-20 
 1.13000000e+00  1.13000000e+00  1.00000000e-01 -1.19229304e-05  1.19161625e-05  6.22906885e-11  6.70565444e-09  4.63428972e-20 
 1.14000000e+00  1.14000000e+00  1.00000000e-01 -1.23367586e-05  1.23296821e-05  8.33933277e-11  6.99309932e-09  2.26685629e-19 
 1.15000000e+00  1.15000000e+00  1.00000000e-01 -1.27647918e-05  1.27573891e-05  1.11149082e-10  7.29152452e-09  4.69278173e-20 
 1.16000000e+00  1.16000000e+00  1.00000000e-01 -1.32075210e-05  1.31997722e-05  1.47526854e-10  7.60131345e-09  1.59997668e-20 
 1.17000000e+00  1.17000000e+00  1.00000000e-01 -1.36654553e-05  1.36573373e-05  1.95077267e-10  7.92286203e-09  3.28162712e-19 
 1.18000000e+00  1.18000000e+00  1.00000000e-01 -1.41391216e-05  1.41306079e-05  2.57141948e-10  8.25657913e-09  9.45755402e-20 
 1.19000000e+00  1.19000000e+00  1.00000000e-01 -1.46290666e-05  1.46201256e-05  3.38171351e-10  8.60288695e-09  1.15116503e-19 
 1.20000000e+00  1.20000000e+00  1.00000000e-01 -1.51358572e-05  1.51264508e-05  4.44214754e-10  8.96222144e-09  1.36458848e-19 
 0.00000000e+00  0.00000000e+00  2.00000000e-01  3.45589206e-11  3.45589206e-11  3.31997288e-14 -6.91510412e-11  3.54560423e-19 
 1.00000000e-02  1.00000000e-02  2.00000000e-01 -1.08001994e-06  1.08008490e-06  3.64414930e-14 -6.50012791e-11  4.01211014e-19 
 2.00000000e-02  2.00000000e-02  2.00000000e-01 -1.89535110e-06  1.89541226e-06  3.86950200e-14 -6.11938568e-11  1.04694499e-19 
 3.00000000e-02  3.00000000e-02  2.00000000e-01 -2.48819801e-06  2.48825568e-06  4.02943426e-14 -5.77116506e-11  8.19748650e-20 
 4.00000000e-02  4.00000000e-02  2.00000000e-01 -2.91370587e-06  2.91376037e-06  4.14652815e-14 -5.45382112e-11  1.01594226e-19 
 5.00000000e-02  5.00000000e-02  2.00000000e-01 -3.22775532e-06  3.22780693e-06  4.23579343e-14 -5.16577449e-11  1.32854339e-20 
 6.00000000e-02  6.00000000e-02  2.00000000e-01 -3.47490677e-06  3.47495578e-06  4.30710637e-14 -4.90550929e-11  1.12590374e-19 
 7.00000000e-02  7.00000000e-02  2.00000000e-01 -3.68453766e-06  3.68458433e-06  4.36702007e-14 -4.67157120e-11  4.92151317e-19 
 8.00000000e-02  8.00000000e-02  2.00000000e-01 -3.87401646e-06  3.87406104e-06  4.41996089e-14 -4.46256556e-11  5.92987277e-19 
 9.00000000e-02  9.00000000e-02  2.00000000e-01 -4.05324832e-06  4.05329105e-06  4.46896447e-14 -4.27715459e-11  5.96321546e-19 
 1.00000000e-01  1.00000000e-01  2.00000000e-01 -4.22794564e-06  4.22798673e-06  4.51613509e-14 -4.11405675e-11  8.10170046e-19 
 1.10000000e-01  1.10000000e-01  2.00000000e-01 -4.40152410e-06  4.40156378e-06  4.56294564e-14 -3.97204400e-11  2.82798043e-19 
 1.20000000e-01  1.20000000e-01  2.00000000e-01 -4.57612619e-06  4.57616464e-06  4.61043954e-14 -3.84994059e-11  9.23957561e-20 
 1.30000000e-01  1.30000000e-01  2.00000000e-01 -4.75316870e-06  4.75320612e-06  4.65936874e-14 -3.74662220e-11  2.65024539e-19 
 1.40000000e-01  1.40000000e-01  2.00000000e-01 -4.93364114e-06  4.93367770e-06  4.71028818e-14 -3.66101615e-11  3.42494558e-20 
 1.50000000e-01  1.50000000e-01  2.00000000e-01 -5.11827323e-06  5.11830910e-06  4.76362064e-14 -3.59210357e-11  5.23369528e-19 
 1.60000000e-01  1.60000000e-01  2.00000000e-01 -5.30763208e-06  5.30766742e-06  4.81970104e-14 -3.53892887e-11  4.45051850e-19 
 1.70000000e-01  1.70000000e-01  2.00000000e-01 -5.50218058e-06  5.50221553e-06  4.87880676e-14 -3.50063164e-11  6.61111985e-21 
 1.80000000e-01  1.80000000e-01  2.00000000e-01 -5.70231345e-06  5.70234817e-06  4.94117839e-14 -3.47654596e-11  3.84547305e-19 
 1.90000000e-01  1.90000000e-01  2.00000000e-01 -5.90838040e-06  5.90841500e-06  5.00703383e-14 -3.46573833e-11  1.81436087e-19 
 2.00000000e-01  2.00000000e-01  2.00000000e-01 -6.12070122e-06  6.12073577e-06  5.07657800e-14 -3.45967005e-11  9.64318250e-19 
 2.10000000e-01  2.10000000e-01  2.00000000e-01 -6.33957604e-06  6.33961044e-06  5.15000947e-14 -3.44544593e-11  6.50281159e-19 
 2.20000000e-01  2.20000000e-01  2.00000000e-01 -6.56529214e-06  6.56532628e-06  5.22752503e-14 -3.41878045e-11  2.05337677e-19 
 2.30000000e-01  2.30000000e-01  2.00000000e-01 -6.79812903e-06  6.79816276e-06  5.30932282e-14 -3.37819443e-11  1.08153041e-19 
 2.40000000e-01  2.40000000e-01  2.00000000e-01 -7.03836200e-06  7.03839517e-06  5.39560461e-14 -3.32260638e-11  4.39342412e-20 
 2.50000000e-01  2.50000000e-01  2.00000000e-01 -7.28626479e-06  7.28629724e-06  5.48657732e-14 -3.25098932e-11  5.38778612e-19 
 2.60000000e-01  2.60000000e-01  2.00000000e-01 -7.54211154e-06  7.54214311e-06  5.58245421e-14 -3.16230241e-11  3.16699108e-20 
 2.70000000e-01  2.70000000e-01  2.00000000e-01 -7.80617837e-06  7.80620887e-06  5.68345572e-14 -3.05547063e-11  4.91130225e-20 
 2.80000000e-01  2.80000000e-01  2.00000000e-01 -8.07874449e-06  8.07877373e-06  5.78981015e-14 -2.92937731e-11  2.48580500e-19 
 2.90000000e-01  2.90000000e-01  2.00000000e-01 -8.36009321e-06  8.36012098e-06  5.90175420e-14 -2.78285958e-11  4.54382400e-19 
 3.00000000e-01  3.00000000e-01  2.00000000e-01 -8.65051268e-06  8.65053877e-06  6.01953344e-14 -2.61470502e-11  1.73306915e-19 
 3.10000000e-01  3.10000000e-01  2.00000000e-01 -8.95029659e-06  8.95032077e-06  6.14340271e-14 -2.42364978e-11  4.62186812e-19 
 3.20000000e-01  3.20000000e-01  2.00000000e-01 -9.25974465e-06  9.25976667e-06  6.27362652e-14 -2.20837606e-11  3.64063350e-20 
 3.30000000e-01  3.30000000e-01  2.00000000e-01 -9.57916312e-06  9.57918273e-06  6.41047938e-14 -1.96750949e-11  7.91509096e-19 
 3.40000000e-01  3.40000000e-01  2.00000000e-01 -9.90886519e-06  9.90888212e-06  6.55424619e-14 -1.69961788e-11  5.13863492e-19 
 3.50000000e-01  3.50000000e-01  2.00000000e-01 -1.02491714e-05  1.02491854e-05  6.70522256e-14 -1.40320767e-11  5.45173693e-20 
 3.60000000e-01  3.60000000e-01  2.00000000e-01 -1.06004099e-05  1.06004206e-05  6.86371516e-14 -1.07672304e-11  2.25306824e-19 
 3.70000000e-01  3.70000000e-01  2.00000000e-01 -1.09629170e-05  1.09629241e-05  7.03004210e-14 -7.18542543e-12  2.16826399e-19 
 3.80000000e-01  3.80000000e-01  2.00000000e-01 -1.13370370e-05  1.13370402e-05  7.20453328e-14 -3.26977334e-12  1.67166450e-20 
 3.90000000e-01  3.90000000e-01  2.00000000e-01 -1.17231231e-05  1.17231221e-05  7.38753075e-14  9.97318114e-13  2.38038796e-19 
 4.00000000e-01  4.00000000e-01  2.00000000e-01 -1.21215372e-05  1.21215314e-05  7.57938908e-14  5.63416631e-12  3.73010623e-19 
 4.10000000e-01  4.10000000e-01  2.00000000e-01 -1.25326501e-05  1.25326394e-05  7.78047576e-14  1.06598432e-11  9.73129524e-19 
 4.20000000e-01  4.20000000e-01  2.00000000e-01 -1.29568424e-05  1.29568263e-05  7.99117159e-14  1.60941993e-11  4.59245377e-19 
 4.30000000e-01  4.30000000e-01  2.00000000e-01 -1.33945041e-05  1.33944820e-05  8.21187108e-14  2.19578969e-11  2.01455027e-19 
 4.40000000e-01  4.40000000e-01  2.00000000e-01 -1.38460349e-05  1.38460065e-05  8.44298285e-14  2.82724343e-11  1.18519558e-19 
 4.50000000e-01  4.50000000e-01  2.00000000e-01 -1.43118448e-05  1.43118097e-05  8.68493008e-14  3.50601787e-11  2.12739361e-19 
 4.60000000e-01  4.60000000e-01  2.00000000e-01 -1.47923544e-05  1.47923119e-05  8.93815092e-14  4.23443967e-11  7.22395418e-19 
 4.70000000e-01  4.70000000e-01  2.00000000e-01 -1.52879944e-05  1.52879442e-05  9.20309893e-14  5.01492823e-11  9.58626491e-20 
 4.80000000e-01  4.80000000e-01  2.00000000e-01 -1.57992069e-05  1.57991483e-05  9.48024353e-14  5.84999995e-11  1.15853737e-19 
 4.90000000e-01  4.90000000e-01  2.00000000e-01 -1.63264448e-05  1.63263773e-05  9.77007048e-14  6.74227063e-11  3.57896940e-19 
 5.00000000e-01  5.00000000e-01  2.00000000e-01 -1.68701725e-05  1.68700955e-05  1.00730823e-13  7.69445974e-11  1.52750722e-20 
 5.10000000e-01  5.10000000e-01  2.00000000e-01 -1.74308660e-05  1.74307788e-05  1.03897989e-13  8.70939354e-11  6.03824930e-20 
 5.20000000e-01  5.20000000e-01  2.00000000e-01 -1.80090134e-05  1.80089154e-05  1.07207578e-13  9.79000921e-11  9.50368793e-20 
 5.30000000e-01  5.30000000e-01  2.00000000e-01 -1.86051148e-05  1.86050053e-05  1.10665149e-13  1.09393586e-10  1.85599733e-19 
 5.40000000e-01  5.40000000e-01  2.00000000e-01 -1.92196828e-05  1.92195611e-05  1.14276447e-13  1.21606122e-10  6.30096134e-19 
 5.50000000e-01  5.50000000e-01  2.00000000e-01 -1.98532429e-05  1.98531083e-05  1.18047413e-13  1.34570637e-10  2.21030832e-19 
 5.60000000e-01  5.60000000e-01  2.00000000e-01 -2.05063336e-05  2.05061852e-05  1.21984184e-13  1.48321334e-10  3.91469792e-19 
 5.70000000e-01  5.70000000e-01  2.00000000e-01 -2.11795067e-05  2.11793437e-05  1.26093101e-13  1.62893735e-10  2.93709345e-19 
 5.80000000e-01  5.80000000e-01  2.00000000e-01 -2.18733277e-05  2.18731493e-05  1.30380714e-13  1.78324723e-10  3.97290188e-19 
 5.90000000e-01  5.90000000e-01  2.00000000e-01 -2.25883762e-05  2.25881814e-05  1.34853789e-13  1.94652591e-10  4.65086490e-19 
 6.00000000e-01  6.00000000e-01  2.00000000e-01 -2.33252460e-05  2.33250339e-05  1.39519310e-13  2.11917085e-10  5.55523109e-19 
 6.10000000e-01  6.10000000e-01  2.00000000e-01 -2.40845457e-05  2.40843153e-05  1.44384488e-13  2.30159463e-10  4.49803885e-19 
 6.20000000e-01  6.20000000e-01  2.00000000e-01 -2.48668987e-05  2.48666492e-05  1.49456768e-13  2.49422542e-10  5.55642611e-19 
 6.30000000e-01  6.30000000e-01  2.00000000e-01 -2.56729442e-05  2.56726743e-05  1.54743830e-13  2.69750748e-10  3.97541199e-19 
 6.40000000e-01  6.40000000e-01  2.00000000e-01 -2.65033366e-05  2.65030453e-05  1.60253600e-13  2.91190181e-10  6.85602179e-19 
 6.50000000e-01  6.50000000e-01  2.00000000e-01 -2.73587471e-05  2.73584331e-05  1.65994253e-13  3.13788663e-10  1.08294391e-19 
 6.60000000e-01  6.60000000e-01  2.00000000e-01 -2.82398628e-05  2.82395250e-05  1.71974220e-13  3.37595801e-10  7.68927805e-20 
 6.70000000e-01  6.70000000e-01  2.00000000e-01 -2.91473881e-05  2.91470253e-05  1.78202195e-13  3.62663048e-10  4.49156253e-19 
 6.80000000e-01  6.80000000e-01  2.00000000e-01 -3.00820449e-05  3.00816557e-05  1.84687142e-13  3.89043764e-10  3.62385746e-19 
 6.90000000e-01  6.90000000e-01  2.00000000e-01 -3.10445726e-05  3.10441556e-05  1.91438298e-13  4.16793283e-10  1.18725208e-20 
 7.00000000e-01  7.00000000e-01  2.00000000e-01 -3.20357290e-05  3.20352829e-05  1.98465183e-13  4.45968977e-10  2.13409956e-19 
 7.10000000e-01  7.10000000e-01  2.00000000e-01 -3.30562907e-05  3.30558139e-05  2.05777606e-13  4.76630327e-10  4.96877522e-19 
 7.20000000e-01  7.20000000e-01  2.00000000e-01 -3.41070535e-05  3.41065444e-05  2.13385670e-13  5.08838997e-10  3.71197119e-19 
 7.30000000e-01  7.30000000e-01  2.00000000e-01 -3.51888326e-05  3.51882898e-05  2.21299781e-13  5.42658897e-10  1.94342167e-19 
 7.40000000e-01  7.40000000e-01  2.00000000e-01 -3.63024639e-05  3.63018855e-05  2.29530650e-13  5.78156274e-10  3.16300782e-19 
 7.50000000e-01  7.50000000e-01  2.00000000e-01 -3.74488035e-05  3.74481879e-05  2.38089309e-13  6.15399776e-10  1.37735788e-19 
 7.60000000e-01  7.60000000e-01  2.00000000e-01 -3.86287292e-05  3.86280745e-05  2.46987105e-13  6.54460542e-10  3.83558373e-19 
 7.70000000e-01  7.70000000e-01  2.00000000e-01 -3.98431403e-05  3.98424446e-05  2.56235721e-13  6.95412281e-10  1.75262352e-19 
 7.80000000e-01  7.80000000e-01  2.00000000e-01 -4.10929585e-05  4.10922199e-05  2.65847170e-13  7.38331358e-10  9.68964891e-20 
 7.90000000e-01  7.90000000e-01  2.00000000e-01 -4.23791285e-05  4.23783449e-05  2.75833812e-13  7.83296886e-10  3.64732193e-19 
 8.00000000e-01  8.00000000e-01  2.00000000e-01 -4.37026185e-05  4.37017879e-05  2.86208353e-13  8.30390811e-10  1.50135148e-19 
 8.10000000e-01  8.10000000e-01  2.00000000e-01 -4.50644210e-05  4.50635410e-05  2.96983858e-13  8.79698013e-10  4.25593147e-20 
 8.20000000e-01  8.20000000e-01  2.00000000e-01 -4.64655528e-05  4.64646212e-05  3.08173755e-13  9.31306398e-10  2.77381188e-19 
 8.30000000e-01  8.30000000e-01  2.00000000e-01 -4.79070566e-05  4.79060709e-05  3.19791842e-13  9.85307003e-10  1.23165143e-19 
 8.40000000e-01  8.40000000e-01  2.00000000e-01 -4.93900007e-05  4.93889586e-05  3.31852296e-13  1.04179409e-09  3.31738289e-19 
 8.50000000e-01  8.50000000e-01  2.00000000e-01 -5.09154805e-05  5.09143792e-05  3.44369677e-13  1.10086527e-09  1.61634275e-20 
 8.60000000e-01  8.60000000e-01  2.00000000e-01 -5.24846184e-05  5.24834554e-05  3.57358936e-13  1.16262160e-09  9.04566264e-20 
 8.70000000e-01  8.70000000e-01  2.00000000e-01 -5.40985651e-05  5.40973375e-05  3.70835422e-13  1.22716769e-09  1.69658882e-19 
 8.80000000e-01  8.80000000e-01  2.00000000e-01 -5.57584999e-05  5.57572049e-05  3.84814891e-13  1.29461183e-09  3.73643067e-20 
 8.90000000e-01  8.90000000e-01  2.00000000e-01 -5.74656318e-05  5.74642664e-05  3.99313508e-13  1.36506612e-09  2.66465403e-19 
 9.00000000e-01  9.00000000e-01  2.00000000e-01 -5.92211999e-05  5.92197609e-05  4.14347857e-13  1.43864658e-09  5.48832872e-19 
 9.10000000e-01  9.10000000e-01  2.00000000e-01 -6.10264743e-05  6.10249584e-05  4.29934948e-13  1.51547327e-09  3.76483328e-19 
 9.20000000e-01  9.20000000e-01  2.00000000e-01 -6.28827566e-05  6.28811605e-05  4.46092220e-13  1.59567045e-09  1.90123664e-19 
 9.30000000e-01  9.30000000e-01  2.00000000e-01 -6.47913814e-05  6.47897015e-05  5.53800074e-13  1.67936670e-09  2.30981393e-19 
 9.40000000e-01  9.40000000e-01  2.00000000e-01 -6.67537162e-05  6.67519486e-05  8.13531772e-13  1.76669504e-09  1.41554147e-19 
 9.50000000e-01  9.50000000e-01  2.00000000e-01 -6.87711626e-05  6.87693036e-05  1.19660428e-12  1.85779312e-09  4.37296254e-19 
 9.60000000e-01  9.60000000e-01  2.00000000e-01 -7.08451572e-05  7.08432026e-05  1.75709108e-12  1.95280334e-09  6.47994163e-19 
 9.70000000e-01  9.70000000e-01  2.00000000e-01 -7.29771724e-05  7.29751179e-05  2.57082907e-12  2.05187301e-09  1.88752934e-19 
 9.80000000e-01  9.80000000e-01  2.00000000e-01 -7.51687169e-05  7.51665580e-05  3.74340795e-12  2.15515449e-09  5.20679637e-19 
 9.90000000e-01  9.90000000e-01  2.00000000e-01 -7.74213370e-05  7.74190688e-05  5.42081300e-12  2.26280540e-09  3.88534082e-19 
 1.00000000e+00  1.00000000e+00  2.00000000e-01 -7.97366174e-05  7.97342346e-05  7.80351017e-12  2.37498874e-09  4.72791881e-22 
 1.01000000e+00  1.01000000e+00  2.00000000e-01 -8.21161816e-05  8.21136786e-05  1.11649691e-11  2.49187311e-09  4.22169588e-19 
 1.02000000e+00  1.02000000e+00  2.00000000e-01 -8.45616934e-05  8.45590639e-05  1.58758741e-11  2.61363282e-09  7.53136703e-20 
 1.03000000e+00  1.03000000e+00  2.00000000e-01 -8.70748575e-05  8.70720946e-05  2.24355823e-11  2.74044817e-09  4.22354627e-19 
 1.04000000e+00  1.04000000e+00  2.00000000e-01 -8.96574204e-05  8.96545164e-05  3.15127646e-11  2.87250556e-09  1.02271726e-19 
 1.05000000e+00  1.05000000e+00  2.00000000e-01 -9.23111714e-05  9.23081175e-05  4.39976184e-11  3.00999772e-09  2.57742797e-19 
 1.06000000e+00  1.06000000e+00  2.00000000e-01 -9.50379438e-05  9.50347296e-05  6.10685872e-11  3.15312391e-09  1.56056877e-19 
 1.07000000e+00  1.07000000e+00  2.00000000e-01 -9.78396154e-05  9.78362290e-05  8.42771711e-11  3.30209013e-09  5.71896003e-20 
 1.08000000e+00  1.08000000e+00  2.00000000e-01 -1.00718110e-04  1.00714537e-04  1.15655191e-10  3.45710934e-09  3.68402179e-19 
 1.09000000e+00  1.09000000e+00  2.00000000e-01 -1.03675397e-04  1.03671621e-04  1.57849784e-10  3.61840165e-09  2.10290793e-19 
 1.10000000e+00  1.10000000e+00  2.00000000e-01 -1.06713497e-04  1.06709496e-04  2.14292489e-10  3.78619460e-09  7.12643446e-19 
 1.11000000e+00  1.11000000e+00  2.00000000e-01 -1.09834475e-04  1.09830225e-04  2.89410054e-10  3.96072335e-09  3.09284640e-19 
 1.12000000e+00  1.12000000e+00  2.00000000e-01 -1.13040450e-04  1.13035919e-04  3.88886077e-10  4.14223094e-09  5.99625811e-20 
 1.13000000e+00  1.13000000e+00  2.00000000e-01 -1.16333591e-04  1.16328740e-04  5.19984329e-10  4.33096855e-09  2.90903705e-19 
 1.14000000e+00  1.14000000e+00  2.00000000e-01 -1.19716119e-04  1.19710900e-04  6.91946585e-10  4.52719574e-09  1.55124696e-19 
 1.15000000e+00  1.15000000e+00  2.00000000e-01 -1.23190311e-04  1.23184663e-04  9.16480148e-10  4.73118072e-09  4.42204758e-19 
 1.16000000e+00  1.16000000e+00  2.00000000e-01 -1.26758497e-04  1.26752345e-04  1.20835286e-09  4.94320064e-09  2.81368587e-19 
 1.17000000e+00  1.17000000e+00  2.00000000e-01 -1.30423067e-04  1.30416317e-04  1.58611646e-09  5.16354185e-09  9.62000713e-20 
 1.18000000e+00  1.18000000e+00  2.00000000e-01 -1.34186468e-04  1.34179003e-04  2.07298272e-09  5.39250019e-09  4.42586295e-19 
 1.19000000e+00  1.19000000e+00  2.00000000e-01 -1.38051210e-04  1.38042882e-04  2.69788057e-09  5.63038131e-09  8.14768767e-20 
 1.20000000e+00  1.20000000e+00  2.00000000e-01 -1.42019865e-04  1.42010491e-04  3.49672708e-09  5.87750096e-09  3.51482277e-19 
 0.00000000e+00  0.00000000e+00  3.00000000e-01  9.95335563e-11  9.95335563e-11  7.27822928e-14 -1.99139896e-10  7.11816280e-19 
 1.00000000e-02  1.00000000e-02  3.00000000e-01 -1.17045011e-05  1.17046915e-05  7.63225041e-14 -1.90454106e-10  6.39653104e-19 
 2.00000000e-02  2.00000000e-02  3.00000000e-01 -2.06905049e-05  2.06906872e-05  7.92413628e-14 -1.82324229e-10  1.02408135e-19 
 3.00000000e-02  3.00000000e-02  3.00000000e-01 -2.73495348e-05  2.73497095e-05  8.19162378e-14 -1.74725978e-10  4.67597029e-19 
 4.00000000e-02  4.00000000e-02  3.00000000e-01 -3.21912740e-05  3.21914416e-05  8.46006590e-14 -1.67635369e-10  8.02076757e-19 
 5.00000000e-02  5.00000000e-02  3.00000000e-01 -3.57569172e-05  3.57570781e-05  8.74383743e-14 -1.61028890e-10  1.18553137e-19 
 6.00000000e-02  6.00000000e-02  3.00000000e-01 -3.85115202e-05  3.85116750e-05  9.04906533e-14 -1.54883804e-10  4.10818042e-19 
 7.00000000e-02  7.00000000e-02  3.00000000e-01 -4.07853325e-05  4.07854816e-05  9.37751722e-14 -1.49178219e-10  4.86946765e-20 
 8.00000000e-02  8.00000000e-02  3.00000000e-01 -4.27848508e-05  4.27849946e-05  9.72952313e-14 -1.43891106e-10  8.52841059e-19 
 9.00000000e-02  9.00000000e-02  3.00000000e-01 -4.46318771e-05  4.46320160e-05  1.01052697e-13 -1.39002271e-10  5.54764047e-19 
 1.00000000e-01  1.00000000e-01  3.00000000e-01 -4.63977029e-05  4.63978373e-05  1.05051331e-13 -1.34492330e-10  1.61303847e-19 
 1.10000000e-01  1.10000000e-01  3.00000000e-01 -4.81249607e-05  4.81250910e-05  1.09296826e-13 -1.30342671e-10  1.31758777e-19 
 1.20000000e-01  1.20000000e-01  3.00000000e-01 -4.98400718e-05  4.98401982e-05  1.13796225e-13 -1.26535425e-10  2.25879827e-19 
 1.30000000e-01  1.30000000e-01  3.00000000e-01 -5.15601072e-05  5.15602301e-05  1.18557478e-13 -1.23053442e-10  6.80571033e-19 
 1.40000000e-01  1.40000000e-01  3.00000000e-01 -5.32965884e-05  5.32967082e-05  1.23589178e-13 -1.19880257e-10  7.08297973e-19 
 1.50000000e-01  1.50000000e-01  3.00000000e-01 -5.50576388e-05  5.50577557e-05  1.28900437e-13 -1.17000067e-10  6.16991047e-19 
 1.60000000e-01  1.60000000e-01  3.00000000e-01 -5.68492362e-05  5.68493504e-05  1.34500831e-13 -1.14397714e-10  4.01065603e-19 
 1.70000000e-01  1.70000000e-01  3.00000000e-01 -5.86759654e-05  5.86760773e-05  1.40400372e-13 -1.12058651e-10  9.34002693e-20 
 1.80000000e-01  1.80000000e-01  3.00000000e-01 -6.05414835e-05  6.05415933e-05  1.46609509e-13 -1.09968927e-10  7.63441141e-19 
 1.90000000e-01  1.90000000e-01  3.00000000e-01 -6.24488151e-05  6.24489230e-05  1.53139120e-13 -1.08115170e-10  1.70850463e-19 
 2.00000000e-01  2.00000000e-01  3.00000000e-01 -6.44005460e-05  6.44006523e-05  1.60000514e-13 -1.06484559e-10  2.99523624e-19 
 2.10000000e-01  2.10000000e-01  3.00000000e-01 -6.63989522e-05  6.63990571e-05  1.67205426e-13 -1.05064813e-10  2.54816031e-19 
 2.20000000e-01  2.20000000e-01  3.00000000e-01 -6.84460877e-05  6.84461914e-05  1.74766020e-13 -1.03844175e-10  5.16688944e-20 
 2.30000000e-01  2.30000000e-01  3.00000000e-01 -7.05438467e-05  7.05439493e-05  1.82694884e-13 -1.02811401e-10  1.74697970e-19 
 2.40000000e-01  2.40000000e-01  3.00000000e-01 -7.26940064e-05  7.26941081e-05  1.91005031e-13 -1.01955763e-10  1.66787329e-19 
 2.50000000e-01  2.50000000e-01  3.00000000e-01 -7.48982591e-05  7.48983601e-05  1.99709895e-13 -1.01267074e-10  5.24992285e-19 
 2.60000000e-01  2.60000000e-01  3.00000000e-01 -7.71582350e-05  7.71583355e-05  2.08823333e-13 -1.00735776e-10  2.48054923e-19 
 2.70000000e-01  2.70000000e-01  3.00000000e-01 -7.94755193e-05  7.94756194e-05  2.18359625e-13 -1.00353266e-10  4.40044552e-19 
 2.80000000e-01  2.80000000e-01  3.00000000e-01 -8.18516648e-05  8.18517647e-05  2.28333474e-13 -1.00112884e-10  3.70944811e-19 
 2.90000000e-01  2.90000000e-01  3.00000000e-01 -8.42882021e-05  8.42883018e-05  2.38760007e-13 -1.00005296e-10  3.93727567e-19 
 3.00000000e-01  3.00000000e-01  3.00000000e-01 -8.67866463e-05  8.67867460e-05  2.49654776e-13 -9.99451147e-11  7.18143608e-19 
 3.10000000e-01  3.10000000e-01  3.00000000e-01 -8.93485036e-05  8.93486031e-05  2.61033761e-13 -9.98033843e-11  3.79957212e-19 
 3.20000000e-01  3.20000000e-01  3.00000000e-01 -9.19752746e-05  9.19753739e-05  2.72913374e-13 -9.95372552e-11  2.80378655e-19 
 3.30000000e-01  3.30000000e-01  3.00000000e-01 -9.46684586e-05  9.46685575e-05  2.85310458e-13 -9.91319336e-11  2.71329332e-19 
 3.40000000e-01  3.40000000e-01  3.00000000e-01 -9.74295556e-05  9.74296539e-05  2.98242290e-13 -9.85766035e-11  8.23309703e-19 
 3.50000000e-01  3.50000000e-01  3.00000000e-01 -1.00260069e-04  1.00260166e-04  3.11726586e-13 -9.78609980e-11  3.55488560e-19 
 3.60000000e-01  3.60000000e-01  3.00000000e-01 -1.03161506e-04  1.03161602e-04  3.25781505e-13 -9.69747060e-11  4.31235367e-19 
 3.70000000e-01  3.70000000e-01  3.00000000e-01 -1.06135380e-04  1.06135475e-04  3.40425646e-13 -9.59069785e-11  3.91812039e-19 
 3.80000000e-01  3.80000000e-01  3.00000000e-01 -1.09183211e-04  1.09183305e-04  3.55678057e-13 -9.46466482e-11  8.72485283e-19 
 3.90000000e-01  3.90000000e-01  3.00000000e-01 -1.12306526e-04  1.12306619e-04  3.71558234e-13 -9.31820870e-11  6.31405793e-19 
 4.00000000e-01  4.00000000e-01  3.00000000e-01 -1.15506861e-04  1.15506952e-04  3.88086123e-13 -9.15011730e-11  1.41369626e-19 
 4.10000000e-01  4.10000000e-01  3.00000000e-01 -1.18785756e-04  1.18785845e-04  4.05282126e-13 -8.95912650e-11  5.23512700e-19 
 4.20000000e-01  4.20000000e-01  3.00000000e-01 -1.22144764e-04  1.22144851e-04  4.23167099e-13 -8.74391861e-11  4.78429841e-19 
 4.30000000e-01  4.30000000e-01  3.00000000e-01 -1.25585441e-04  1.25585526e-04  4.41762356e-13 -8.50311930e-11  4.80378383e-20 
 4.40000000e-01  4.40000000e-01  3.00000000e-01 -1.29109354e-04  1.29109436e-04  4.61089668e-13 -8.23529630e-11  1.02407628e-18 
 4.50000000e-01  4.50000000e-01  3.00000000e-01 -1.32718077e-04  1.32718156e-04  4.81171270e-13 -7.93895609e-11  1.77867802e-19 
 4.60000000e-01  4.60000000e-01  3.00000000e-01 -1.36413190e-04  1.36413266e-04  5.02029855e-13 -7.61254306e-11  9.62046583e-19 
 4.70000000e-01  4.70000000e-01  3.00000000e-01 -1.40196280e-04  1.40196352e-04  5.23688577e-13 -7.25443559e-11  6.95927749e-19 
 4.80000000e-01  4.80000000e-01  3.00000000e-01 -1.44068942e-04  1.44069010e-04  5.46171054e-13 -6.86294485e-11  4.52083361e-19 
 4.90000000e-01  4.90000000e-01  3.00000000e-01 -1.48032776e-04  1.48032839e-04  5.69501364e-13 -6.43631164e-11  6.45770426e-19 
 5.00000000e-01  5.00000000e-01  3.00000000e-01 -1.52089386e-04  1.52089446e-04  5.93704046e-13 -5.97270436e-11  8.99002936e-19 
 5.10000000e-01  5.10000000e-01  3.00000000e-01 -1.56240385e-04  1.56240439e-04  6.18804098e-13 -5.47021603e-11  1.03958951e-18 
 5.20000000e-01  5.20000000e-01  3.00000000e-01 -1.60487388e-04  1.60487436e-04  6.44826978e-13 -4.92686083e-11  1.20536551e-18 
 5.30000000e-01  5.30000000e-01  3.00000000e-01 -1.64832013e-04  1.64832056e-04  6.71798600e-13 -4.34057347e-11  6.25065540e-20 
 5.40000000e-01  5.40000000e-01  3.00000000e-01 -1.69275884e-04  1.69275921e-04  6.99745332e-13 -3.70920360e-11  5.06765741e-20 
 5.50000000e-01  5.50000000e-01  3.00000000e-01 -1.73820628e-04  1.73820658e-04  7.28693995e-13 -3.03051473e-11  5.62428674e-19 
 5.60000000e-01  5.60000000e-01  3.00000000e-01 -1.78467874e-04  1.78467896e-04  7.58671854e-13 -2.30218032e-11  8.92783760e-19 
 5.70000000e-01  5.70000000e-01  3.00000000e-01 -1.83219251e-04  1.83219266e-04  7.89706624e-13 -1.52178044e-11  6.49924103e-19 
 5.80000000e-01  5.80000000e-01  3.00000000e-01 -1.88076395e-04  1.88076401e-04  8.21826457e-13 -6.86799315e-12  7.76764260e-19 
 5.90000000e-01  5.90000000e-01  3.00000000e-01 -1.93040938e-04  1.93040935e-04  8.55059942e-13  2.05378943e-12  4.38090314e-19 
 6.00000000e-01  6.00000000e-01  3.00000000e-01 -1.98114515e-04  1.98114503e-04  8.89436098e-13  1.15747394e-11  3.81152558e-21 
 6.10000000e-01  6.10000000e-01  3.00000000e-01 -2.03298763e-04  2.03298740e-04  9.24984369e-13  2.17231181e-11  4.37215580e-19 
 6.20000000e-01  6.20000000e-01  3.00000000e-01 -2.08595317e-04  2.08595284e-04  9.61734619e-13  3.25282978e-11  8.46247496e-19 
 6.30000000e-01  6.30000000e-01  3.00000000e-01 -2.14005814e-04  2.14005769e-04  9.99717123e-13  4.40207966e-11  1.12986627e-19 
 6.40000000e-01  6.40000000e-01  3.00000000e-01 -2.19531887e-04  2.19531830e-04  1.03896256e-12  5.62323200e-11  6.25173571e-19 
 6.50000000e-01  6.50000000e-01  3.00000000e-01 -2.25175174e-04  2.25175103e-04  1.07950201e-12  6.91958019e-11  2.88988745e-19 
 6.60000000e-01  6.60000000e-01  3.00000000e-01 -2.30937306e-04  2.30937222e-04  1.12136694e-12  8.29454465e-11  8.14561330e-19 
 6.70000000e-01  6.70000000e-01  3.00000000e-01 -2.36819919e-04  2.36819821e-04  1.16458920e-12  9.75167785e-11  1.67448196e-18 
 6.80000000e-01  6.80000000e-01  3.00000000e-01 -2.42824645e-04  2.42824530e-04  1.20920100e-12  1.12946675e-10  1.16133976e-18 
 6.90000000e-01  6.90000000e-01  3.00000000e-01 -2.48953114e-04  2.48952984e-04  1.25523494e-12  1.29273432e-10  1.17114318e-18 
 7.00000000e-01  7.00000000e-01  3.00000000e-01 -2.55206959e-04  2.55206811e-04  1.30272393e-12  1.46536796e-10  8.10581333e-19 
 7.10000000e-01  7.10000000e-01  3.00000000e-01 -2.61587809e-04  2.61587643e-04  1.35170126e-12  1.64778022e-10  4.72116135e-19 
 7.20000000e-01  7.20000000e-01  3.00000000e-01 -2.68097293e-04  2.68097108e-04  1.40220054e-12  1.84039928e-10  2.96058978e-19 
 7.30000000e-01  7.30000000e-01  3.00000000e-01 -2.74737041e-04  2.74736835e-04  1.45425569e-12  2.04366943e-10  2.97998652e-19 
 7.40000000e-01  7.40000000e-01  3.00000000e-01 -2.81508681e-04  2.81508454e-04  1.50790094e-12  2.25805163e-10  5.77880384e-19 
 7.50000000e-01  7.50000000e-01  3.00000000e-01 -2.88413843e-04  2.88413593e-04  1.56317081e-12  2.48402408e-10  4.37517375e-19 
 7.60000000e-01  7.60000000e-01  3.00000000e-01 -2.95454155e-04  2.95453881e-04  1.62010013e-12  2.72208290e-10  2.37877539e-20 
 7.70000000e-01  7.70000000e-01  3.00000000e-01 -3.02631250e-04  3.02630951e-04  1.67872396e-12  2.97274257e-10  3.87598470e-20 
 7.80000000e-01  7.80000000e-01  3.00000000e-01 -3.09946758e-04  3.09946433e-04  1.73907765e-12  3.23653672e-10  1.06880175e-18 
 7.90000000e-01  7.90000000e-01  3.00000000e-01 -3.17402315e-04  3.17401962e-04  1.80119676e-12  3.51401866e-10  1.09951094e-18 
 8.00000000e-01  8.00000000e-01  3.00000000e-01 -3.24999556e-04  3.24999174e-04  1.86511711e-12  3.80576215e-10  1.19649217e-18 
 8.10000000e-01  8.10000000e-01  3.00000000e-01 -3.32740123e-04  3.32739710e-04  1.93087472e-12  4.11236194e-10  6.63068900e-19 
 8.20000000e-01  8.20000000e-01  3.00000000e-01 -3.40625659e-04  3.40625214e-04  1.99850579e-12  4.43443469e-10  2.65452799e-19 
 8.30000000e-01  8.30000000e-01  3.00000000e-01 -3.48657814e-04  3.48657334e-04  2.06804674e-12  4.77261952e-10  6.00089050e-19 
 8.40000000e-01  8.40000000e-01  3.00000000e-01 -3.56838241e-04  3.56837726e-04  2.13953413e-12  5.12757886e-10  3.01008106e-19 
 8.50000000e-01  8.50000000e-01  3.00000000e-01 -3.65168603e-04  3.65168051e-04  2.21300467e-12  5.49999923e-10  3.70935015e-19 
 8.60000000e-01  8.60000000e-01  3.00000000e-01 -3.73650568e-04  3.73649977e-04  2.28849524e-12  5.89059197e-10  3.23338859e-19 
 8.70000000e-01  8.70000000e-01  3.00000000e-01 -3.82285813e-04  3.82285181e-04  2.36604281e-12  6.30009420e-10  1.17944708e-19 
 8.80000000e-01  8.80000000e-01  3.00000000e-01 -3.91076025e-04  3.91075350e-04  2.44568446e-12  6.72926955e-10  1.81305327e-19 
 8.90000000e-01  8.90000000e-01  3.00000000e-01 -4.00022901e-04  4.00022181e-04  2.52745737e-12  7.17890913e-10  1.55835026e-18 
 9.00000000e-01  9.00000000e-01  3.00000000e-01 -4.09128150e-04  4.09127383e-04  2.61139878e-12  7.64983245e-10  5.99489840e-19 
 9.10000000e-01  9.10000000e-01  3.00000000e-01 -4.18393494e-04  4.18392677e-04  2.69754599e-12  8.14288826e-10  1.91462087e-19 
 9.20000000e-01  9.20000000e-01  3.00000000e-01 -4.27820670e-04  4.27819801e-04  2.78593634e-12  8.65895565e-10  7.91930104e-19 
 9.30000000e-01  9.30000000e-01  3.00000000e-01 -4.37411427e-04  4.37410504e-04  2.87660719e-12  9.19894496e-10  1.33052300e-18 
 9.40000000e-01  9.40000000e-01  3.00000000e-01 -4.47167535e-04  4.47166555e-04  2.96959590e-12  9.76379882e-10  4.09470565e-19 
 9.50000000e-01  9.50000000e-01  3.00000000e-01 -4.57090779e-04  4.57089740e-04  3.86100941e-12  1.03544933e-09  2.05810727e-20 
 9.60000000e-01  9.60000000e-01  3.00000000e-01 -4.67182966e-04  4.67181864e-04  5.67028342e-12  1.09720390e-09  5.17021019e-20 
 9.70000000e-01  9.70000000e-01  3.00000000e-01 -4.77445922e-04  4.77444752e-04  8.28960650e-12  1.16174820e-09  7.84363143e-19 
 9.80000000e-01  9.80000000e-01  3.00000000e-01 -4.87881495e-04  4.87880254e-04  1.20528106e-11  1.22919053e-09  1.86419995e-19 
 9.90000000e-01  9.90000000e-01  3.00000000e-01 -4.98491557e-04  4.98490240e-04  1.74195136e-11  1.29964297e-09  1.21830676e-19 
 1.00000000e+00  1.00000000e+00  3.00000000e-01 -5.09278006e-04  5.09276607e-04  2.50181164e-11  1.37322156e-09  1.64560167e-19 
 1.01000000e+00  1.01000000e+00  3.00000000e-01 -5.20242766e-04  5.20241280e-04  3.57020003e-11  1.45004634e-09  5.37566592e-19 
 1.02000000e+00  1.02000000e+00  3.00000000e-01 -5.31387790e-04  5.31386209e-04  5.06225157e-11  1.53024159e-09  8.10105181e-19 
 1.03000000e+00  1.03000000e+00  3.00000000e-01 -5.42715061e-04  5.42713376e-04  7.13232030e-11  1.61393587e-09  8.81594531e-19 
 1.04000000e+00  1.04000000e+00  3.00000000e-01 -5.54226594e-04  5.54224793e-04  9.98607040e-11  1.70126221e-09  4.58673795e-19 
 1.05000000e+00  1.05000000e+00  3.00000000e-01 -5.65924436e-04  5.65922505e-04  1.38959040e-10  1.79235826e-09  4.91874059e-19 
 1.06000000e+00  1.06000000e+00  3.00000000e-01 -5.77810671e-04  5.77808591e-04  1.92205371e-10  1.88736642e-09  3.57942041e-19 
 1.07000000e+00  1.07000000e+00  3.00000000e-01 -5.89887417e-04  5.89885167e-04  2.64297065e-10  1.98643399e-09  2.23904350e-20 
 1.08000000e+00  1.08000000e+00  3.00000000e-01 -6.02156836e-04  6.02154384e-04  3.61351888e-10  2.08971334e-09  1.33355732e-19 
 1.09000000e+00  1.09000000e+00  3.00000000e-01 -6.14621124e-04  6.14618436e-04  4.91295489e-10  2.19736209e-09  2.04054083e-19 
 1.10000000e+00  1.10000000e+00  3.00000000e-01 -6.27282527e-04  6.27279553e-04  6.64343056e-10  2.30954324e-09  7.60655646e-20 
 1.11000000e+00  1.11000000e+00  3.00000000e-01 -6.40143330e-04  6.40140010e-04  8.93595195e-10  2.42642537e-09  1.36733038e-18 
 1.12000000e+00  1.12000000e+00  3.00000000e-01 -6.53205869e-04  6.53202125e-04  1.19577169e-09  2.54818282e-09  7.66566885e-20 
 1.13000000e+00  1.13000000e+00  3.00000000e-01 -6.66472528e-04  6.66468260e-04  1.59211101e-09  2.67499587e-09  1.10103158e-18 
 1.14000000e+00  1.14000000e+00  3.00000000e-01 -6.79945743e-04  6.79940827e-04  2.10946822e-09  2.80705092e-09  9.27805480e-19 
 1.15000000e+00  1.15000000e+00  3.00000000e-01 -6.93628008e-04  6.93622282e-04  2.78164930e-09  2.94454070e-09  5.46826769e-19 
 1.16000000e+00  1.16000000e+00  3.00000000e-01 -7.07521873e-04  7.07515134e-04  3.65102618e-09  3.08766449e-09  6.34884281e-19 
 1.17000000e+00  1.17000000e+00  3.00000000e-01 -7.21629949e-04  7.21621942e-04  4.77048367e-09  3.23662826e-09  1.72648145e-18 
 1.18000000e+00  1.18000000e+00  3.00000000e-01 -7.35954914e-04  7.35945317e-04  6.20575737e-09  3.39164498e-09  8.07562370e-19 
 1.19000000e+00  1.19000000e+00  3.00000000e-01 -7.50499517e-04  7.50487925e-04  8.03823041e-09  3.55293477e-09  1.89292011e-19 
 1.20000000e+00  1.20000000e+00  3.00000000e-01 -7.65266578e-04  7.65252489e-04  1.03682667e-08  3.72072516e-09  8.76698953e-19 
 0.00000000e+00  0.00000000e+00  4.00000000e-01  2.41164090e-10  2.41164090e-10  1.89568524e-13 -4.82517749e-10  4.05321050e-19 
 1.00000000e-02  1.00000000e-02  4.00000000e-01 -6.86309908e-05  6.86314572e-05  1.95117219e-13 -4.66616955e-10  1.41054314e-19 
 2.00000000e-02  2.00000000e-02  4.00000000e-01 -1.25855596e-04  1.25856047e-04  2.01435092e-13 -4.51501693e-10  1.43169737e-18 
 3.00000000e-02  3.00000000e-02  4.00000000e-01 -1.72611870e-04  1.72612307e-04  2.09125920e-13 -4.37206529e-10  1.60909833e-18 
 4.00000000e-02  4.00000000e-02  4.00000000e-01 -2.10095927e-04  2.10096351e-04  2.18731235e-13 -4.23725810e-10  6.99076231e-19 
 5.00000000e-02  5.00000000e-02  4.00000000e-01 -2.39733899e-04  2.39734310e-04  2.30691517e-13 -4.11031088e-10  3.42643752e-20 
 6.00000000e-02  6.00000000e-02  4.00000000e-01 -2.63127177e-04  2.63127575e-04  2.45268315e-13 -3.99089488e-10  1.20175414e-18 
 7.00000000e-02  7.00000000e-02  4.00000000e-01 -2.81881320e-04  2.81881708e-04  2.62499502e-13 -3.87867144e-10  9.29149596e-19 
 8.00000000e-02  8.00000000e-02  4.00000000e-01 -2.97397089e-04  2.97397466e-04  2.82241398e-13 -3.77330192e-10  5.87007286e-19 
 9.00000000e-02  9.00000000e-02  4.00000000e-01 -3.10750906e-04  3.10751273e-04  3.04266185e-13 -3.67445619e-10  2.45793910e-20 
 1.00000000e-01  1.00000000e-01  4.00000000e-01 -3.22697690e-04  3.22698048e-04  3.28346003e-13 -3.58181883e-10  7.22001044e-19 
 1.10000000e-01  1.10000000e-01  4.00000000e-01 -3.33740249e-04  3.33740598e-04  3.54294108e-13 -3.49509119e-10  2.56584047e-19 
 1.20000000e-01  1.20000000e-01  4.00000000e-01 -3.44207034e-04  3.44207375e-04  3.81973280e-13 -3.41399101e-10  6.15164614e-19 
 1.30000000e-01  1.30000000e-01  4.00000000e-01 -3.54313015e-04  3.54313349e-04  4.11289521e-13 -3.33825084e-10  2.45389445e-19 
 1.40000000e-01  1.40000000e-01  4.00000000e-01 -3.64200904e-04  3.64201230e-04  4.42182213e-13 -3.26761642e-10  1.01975479e-19 
 1.50000000e-01  1.50000000e-01  4.00000000e-01 -3.73967385e-04  3.73967705e-04  4.74615241e-13 -3.20184542e-10  1.02111638e-19 
 1.60000000e-01  1.60000000e-01  4.00000000e-01 -3.83679472e-04  3.83679785e-04  5.08570136e-13 -3.14070636e-10  4.80581805e-19 
 1.70000000e-01  1.70000000e-01  4.00000000e-01 -3.93384695e-04  3.93385003e-04  5.44041121e-13 -3.08397770e-10  1.80381413e-19 
 1.80000000e-01  1.80000000e-01  4.00000000e-01 -4.03117535e-04  4.03117838e-04  5.81031616e-13 -3.03144733e-10  2.98861291e-19 
 1.90000000e-01  1.90000000e-01  4.00000000e-01 -4.12903538e-04  4.12903836e-04  6.19551774e-13 -2.98291191e-10  3.78497250e-19 
 2.00000000e-01  2.00000000e-01  4.00000000e-01 -4.22762009e-04  4.22762303e-04  6.59616756e-13 -2.93817640e-10  2.97290730e-19 
 2.10000000e-01  2.10000000e-01  4.00000000e-01 -4.32707808e-04  4.32708097e-04  7.01245492e-13 -2.89705379e-10  6.37399975e-21 
 2.20000000e-01  2.20000000e-01  4.00000000e-01 -4.42752561e-04  4.42752847e-04  7.44459794e-13 -2.85936461e-10  1.04601669e-18 
 2.30000000e-01  2.30000000e-01  4.00000000e-01 -4.52905512e-04  4.52905794e-04  7.89283710e-13 -2.82493673e-10  2.93161917e-19 
 2.40000000e-01  2.40000000e-01  4.00000000e-01 -4.63174109e-04  4.63174387e-04  8.35743037e-13 -2.79360497e-10  3.30236034e-19 
 2.50000000e-01  2.50000000e-01  4.00000000e-01 -4.73564429e-04  4.73564705e-04  8.83864965e-13 -2.76521087e-10  6.46683932e-20 
 2.60000000e-01  2.60000000e-01  4.00000000e-01 -4.84081492e-04  4.84081765e-04  9.33677801e-13 -2.73960248e-10  2.47539712e-19 
 2.70000000e-01  2.70000000e-01  4.00000000e-01 -4.94729480e-04  4.94729750e-04  9.85210751e-13 -2.71663402e-10  7.27089242e-19 
 2.80000000e-01  2.80000000e-01  4.00000000e-01 -5.05511913e-04  5.05512182e-04  1.03849376e-12 -2.69616573e-10  6.85416720e-19 
 2.90000000e-01  2.90000000e-01  4.00000000e-01 -5.16431777e-04  5.16432044e-04  1.09355738e-12 -2.67806367e-10  1.02428661e-18 
 3.00000000e-01  3.00000000e-01  4.00000000e-01 -5.27491619e-04  5.27491884e-04  1.15043265e-12 -2.66219945e-10  3.42110091e-20 
 3.10000000e-01  3.10000000e-01  4.00000000e-01 -5.38693622e-04  5.38693886e-04  1.20915102e-12 -2.64845011e-10  1.85655445e-19 
 3.20000000e-01  3.20000000e-01  4.00000000e-01 -5.50039672e-04  5.50039934e-04  1.26974429e-12 -2.63669793e-10  8.72756550e-19 
 3.30000000e-01  3.30000000e-01  4.00000000e-01 -5.61531394e-04  5.61531655e-04  1.33224451e-12 -2.62683035e-10  5.65713481e-19 
 3.40000000e-01  3.40000000e-01  4.00000000e-01 -5.73170197e-04  5.73170458e-04  1.39668399e-12 -2.61874001e-10  4.30224742e-19 
 3.50000000e-01  3.50000000e-01  4.00000000e-01 -5.84957303e-04  5.84957563e-04  1.46309518e-12 -2.61232492e-10  9.55793454e-19 
 3.60000000e-01  3.60000000e-01  4.00000000e-01 -5.96893765e-04  5.96894025e-04  1.53151071e-12 -2.60748945e-10  1.11699053e-19 
 3.70000000e-01  3.70000000e-01  4.00000000e-01 -6.08980496e-04  6.08980754e-04  1.60196328e-12 -2.60414749e-10  9.37625653e-19 
 3.80000000e-01  3.80000000e-01  4.00000000e-01 -6.21218275e-04  6.21218534e-04  1.67448571e-12 -2.60223237e-10  7.97477277e-19 
 3.90000000e-01  3.90000000e-01  4.00000000e-01 -6.33607770e-04  6.33608029e-04  1.74911082e-12 -2.60165071e-10  4.48292407e-19 
 4.00000000e-01  4.00000000e-01  4.00000000e-01 -6.46149543e-04  6.46149801e-04  1.82587151e-12 -2.60154859e-10  1.27867787e-18 
 4.10000000e-01  4.10000000e-01  4.00000000e-01 -6.58844060e-04  6.58844319e-04  1.90480063e-12 -2.60063637e-10  1.39722474e-18 
 4.20000000e-01  4.20000000e-01  4.00000000e-01 -6.71691703e-04  6.71691961e-04  1.98593106e-12 -2.59848561e-10  7.63150157e-19 
 4.30000000e-01  4.30000000e-01  4.00000000e-01 -6.84692770e-04  6.84693028e-04  2.06929560e-12 -2.59494823e-10  3.40318953e-19 
 4.40000000e-01  4.40000000e-01  4.00000000e-01 -6.97847488e-04  6.97847745e-04  2.15492702e-12 -2.58991611e-10  6.09592652e-19 
 4.50000000e-01  4.50000000e-01  4.00000000e-01 -7.11156013e-04  7.11156269e-04  2.24285802e-12 -2.58328652e-10  2.11553114e-19 
 4.60000000e-01  4.60000000e-01  4.00000000e-01 -7.24618436e-04  7.24618692e-04  2.33312120e-12 -2.57495533e-10  3.40914589e-19 
 4.70000000e-01  4.70000000e-01  4.00000000e-01 -7.38234789e-04  7.38235044e-04  2.42574907e-12 -2.56481502e-10  1.09722786e-18 
 4.80000000e-01  4.80000000e-01  4.00000000e-01 -7.52005046e-04  7.52005299e-04  2.52077400e-12 -2.55275392e-10  4.91502573e-20 
 4.90000000e-01  4.90000000e-01  4.00000000e-01 -7.65929128e-04  7.65929379e-04  2.61822826e-12 -2.53865571e-10  2.85728670e-19 
 5.00000000e-01  5.00000000e-01  4.00000000e-01 -7.80006903e-04  7.80007152e-04  2.71814397e-12 -2.52239914e-10  1.18747729e-18 
 5.10000000e-01  5.10000000e-01  4.00000000e-01 -7.94238193e-04  7.94238441e-04  2.82055307e-12 -2.50385779e-10  2.45920938e-19 
 5.20000000e-01  5.20000000e-01  4.00000000e-01 -8.08622777e-04  8.08623023e-04  2.92548735e-12 -2.48289988e-10  6.22272885e-19 
 5.30000000e-01  5.30000000e-01  4.00000000e-01 -8.23160389e-04  8.23160631e-04  3.03297845e-12 -2.45938797e-10  1.23330234e-18 
 5.40000000e-01  5.40000000e-01  4.00000000e-01 -8.37850723e-04  8.37850963e-04  3.14305778e-12 -2.43317876e-10  1.65149839e-18 
 5.50000000e-01  5.50000000e-01  4.00000000e-01 -8.52693438e-04  8.52693675e-04  3.25575657e-12 -2.40412301e-10  1.93694814e-18 
 5.60000000e-01  5.60000000e-01  4.00000000e-01 -8.67688157e-04  8.67688390e-04  3.37110586e-12 -2.37206501e-10  9.24051719e-19 
 5.70000000e-01  5.70000000e-01  4.00000000e-01 -8.82834472e-04  8.82834702e-04  3.48913643e-12 -2.33684266e-10  4.97019457e-19 
 5.80000000e-01  5.80000000e-01  4.00000000e-01 -8.98131945e-04  8.98132171e-04  3.60987889e-12 -2.29828705e-10  1.30546127e-18 
 5.90000000e-01  5.90000000e-01  4.00000000e-01 -9.13580113e-04  9.13580334e-04  3.73336359e-12 -2.25622226e-10  1.00847098e-18 
 6.00000000e-01  6.00000000e-01  4.00000000e-01 -9.29178487e-04  9.29178704e-04  3.85962062e-12 -2.21046509e-10  9.68987587e-19 
 6.10000000e-01  6.10000000e-01  4.00000000e-01 -9.44926558e-04  9.44926770e-04  3.98867987e-12 -2.16082485e-10  2.61439784e-19 
 6.20000000e-01  6.20000000e-01  4.00000000e-01 -9.60823801e-04  9.60824008e-04  4.12057095e-12 -2.10710297e-10  1.60987052e-18 
 6.30000000e-01  6.30000000e-01  4.00000000e-01 -9.76869673e-04  9.76869873e-04  4.25532320e-12 -2.04909287e-10  9.73272263e-19 
 6.40000000e-01  6.40000000e-01  4.00000000e-01 -9.93063619e-04  9.93063814e-04  4.39296571e-12 -1.98657953e-10  3.17272070e-19 
 6.50000000e-01  6.50000000e-01  4.00000000e-01 -1.00940508e-03  1.00940527e-03  4.53352730e-12 -1.91933929e-10  1.20196746e-18 
 6.60000000e-01  6.60000000e-01  4.00000000e-01 -1.02589348e-03  1.02589366e-03  4.67703651e-12 -1.84713949e-10  8.97448546e-19 
 6.70000000e-01  6.70000000e-01  4.00000000e-01 -1.04252826e-03  1.04252843e-03  4.82352159e-12 -1.76973813e-10  2.02582653e-19 
 6.80000000e-01  6.80000000e-01  4.00000000e-01 -1.05930884e-03  1.05930900e-03  4.97301052e-12 -1.68688362e-10  1.93653450e-18 
 6.90000000e-01  6.90000000e-01  4.00000000e-01 -1.07623466e-03  1.07623482e-03  5.12553098e-12 -1.59831434e-10  7.66596927e-19 
 7.00000000e-01  7.00000000e-01  4.00000000e-01 -1.09330516e-03  1.09330531e-03  5.28111035e-12 -1.50375839e-10  1.13304740e-18 
 7.10000000e-01  7.10000000e-01  4.00000000e-01 -1.11051980e-03  1.11051994e-03  5.43977574e-12 -1.40293306e-10  8.09039128e-19 
 7.20000000e-01  7.20000000e-01  4.00000000e-01 -1.12787805e-03  1.12787817e-03  5.60155394e-12 -1.29554470e-10  8.60072895e-19 
 7.30000000e-01  7.30000000e-01  4.00000000e-01 -1.14537938e-03  1.14537950e-03  5.76647143e-12 -1.18128811e-10  3.57733477e-19 
 7.40000000e-01  7.40000000e-01  4.00000000e-01 -1.16302333e-03  1.16302343e-03  5.93455440e-12 -1.05984619e-10  2.07003627e-18 
 7.50000000e-01  7.50000000e-01  4.00000000e-01 -1.18080942e-03  1.18080950e-03  6.10582874e-12 -9.30889619e-11  6.52407985e-19 
 7.60000000e-01  7.60000000e-01  4.00000000e-01 -1.19873721e-03  1.19873729e-03  6.28032001e-12 -7.94076367e-11  1.30774607e-18 
 7.70000000e-01  7.70000000e-01  4.00000000e-01 -1.21680632e-03  1.21680638e-03  6.45805348e-12 -6.49051169e-11  1.09860787e-18 
 7.80000000e-01  7.80000000e-01  4.00000000e-01 -1.23501638e-03  1.23501642e-03  6.63905410e-12 -4.95445221e-11  1.07928403e-18 
 7.90000000e-01  7.90000000e-01  4.00000000e-01 -1.25336706e-03  1.25336709e-03  6.82334652e-12 -3.32875619e-11  5.60704564e-20 
 8.00000000e-01  8.00000000e-01  4.00000000e-01 -1.27185810e-03  1.27185811e-03  7.01095506e-12 -1.60944834e-11  1.23396241e-19 
 8.10000000e-01  8.10000000e-01  4.00000000e-01 -1.29048926e-03  1.29048925e-03  7.20190375e-12  2.07596614e-12  2.57096298e-19 
 8.20000000e-01  8.20000000e-01  4.00000000e-01 -1.30926037e-03  1.30926034e-03  7.39621628e-12  2.12666031e-11  6.99156779e-19 
 8.30000000e-01  8.30000000e-01  4.00000000e-01 -1.32817130e-03  1.32817125e-03  7.59391607e-12  4.15218571e-11  2.48077433e-18 
 8.40000000e-01  8.40000000e-01  4.00000000e-01 -1.34722201e-03  1.34722194e-03  7.79502619e-12  6.28878260e-11  2.79237033e-19 
 8.50000000e-01  8.50000000e-01  4.00000000e-01 -1.36641249e-03  1.36641240e-03  7.99956942e-12  8.54123317e-11  3.35947177e-19 
 8.60000000e-01  8.60000000e-01  4.00000000e-01 -1.38574281e-03  1.38574269e-03  8.20756823e-12  1.09144982e-10  7.95564467e-19 
 8.70000000e-01  8.70000000e-01  4.00000000e-01 -1.40521310e-03  1.40521296e-03  8.41904479e-12  1.34137228e-10  6.82712510e-19 
 8.80000000e-01  8.80000000e-01  4.00000000e-01 -1.42482359e-03  1.42482342e-03  8.63402095e-12  1.60442431e-10  1.23357203e-18 
 8.90000000e-01  8.90000000e-01  4.00000000e-01 -1.44457455e-03  1.44457435e-03  8.85251826e-12  1.88115924e-10  1.45097365e-18 
 9.00000000e-01  9.00000000e-01  4.00000000e-01 -1.46446635e-03  1.46446613e-03  9.07455798e-12  2.17215077e-10  9.04050130e-19 
 9.10000000e-01  9.10000000e-01  4.00000000e-01 -1.48449944e-03  1.48449919e-03  9.30016107e-12  2.47799372e-10  1.13682306e-18 
 9.20000000e-01  9.20000000e-01  4.00000000e-01 -1.50467436e-03  1.50467407e-03  9.52934817e-12  2.79930472e-10  3.74007820e-19 
 9.30000000e-01  9.30000000e-01  4.00000000e-01 -1.52499172e-03  1.52499139e-03  9.76213966e-12  3.13672290e-10  2.19699786e-19 
 9.40000000e-01  9.40000000e-01  4.00000000e-01 -1.54545223e-03  1.54545187e-03  9.99855561e-12  3.49091065e-10  2.79333362e-18 
 9.50000000e-01  9.50000000e-01  4.00000000e-01 -1.56605671e-03  1.56605631e-03  1.02386158e-11  3.86255450e-10  1.43836567e-18 
 9.60000000e-01  9.60000000e-01  4.00000000e-01 -1.58680605e-03  1.58680561e-03  1.04823398e-11  4.25236584e-10  1.66308804e-18 
 9.70000000e-01  9.70000000e-01  4.00000000e-01 -1.60770125e-03  1.60770077e-03  1.07297467e-11  4.66108169e-10  2.88895134e-19 
 9.80000000e-01  9.80000000e-01  4.00000000e-01 -1.62874341e-03  1.62874289e-03  1.09808555e-11  5.08946576e-10  4.93904106e-19 
 9.90000000e-01  9.90000000e-01  4.00000000e-01 -1.64993373e-03  1.64993316e-03  1.35953138e-11  5.53830914e-10  5.61636431e-19 
 1.00000000e+00  1.00000000e+00  4.00000000e-01 -1.67127353e-03  1.67127291e-03  1.95846736e-11  6.00843128e-10  2.82154625e-19 
 1.01000000e+00  1.01000000e+00  4.00000000e-01 -1.69276421e-03  1.69276353e-03  2.81245377e-11  6.50068097e-10  1.15423186e-18 
 1.02000000e+00  1.02000000e+00  4.00000000e-01 -1.71440730e-03  1.71440656e-03  4.02139171e-11  7.01593724e-10  2.10335939e-19 
 1.03000000e+00  1.03000000e+00  4.00000000e-01 -1.73620443e-03  1.73620362e-03  5.72088001e-11  7.55511050e-10  1.59405286e-18 
 1.04000000e+00  1.04000000e+00  4.00000000e-01 -1.75815735e-03  1.75815646e-03  8.09375238e-11  8.11914334e-10  6.59178317e-19 
 1.05000000e+00  1.05000000e+00  4.00000000e-01 -1.78026791e-03  1.78026693e-03  1.13849494e-10  8.70901183e-10  9.11012007e-20 
 1.06000000e+00  1.06000000e+00  4.00000000e-01 -1.80253809e-03  1.80253700e-03  1.59205745e-10  9.32572647e-10  4.09714345e-19 
 1.07000000e+00  1.07000000e+00  4.00000000e-01 -1.82496999e-03  1.82496877e-03  2.21321694e-10  9.97033347e-10  9.92894228e-19 
 1.08000000e+00  1.08000000e+00  4.00000000e-01 -1.84756580e-03  1.84756443e-03  3.05874645e-10  1.06439157e-09  9.73312201e-19 
 1.09000000e+00  1.09000000e+00  4.00000000e-01 -1.87032786e-03  1.87032631e-03  4.20291189e-10  1.13475940e-09  9.01865096e-19 
 1.10000000e+00  1.10000000e+00  4.00000000e-01 -1.89325862e-03  1.89325684e-03  5.74232690e-10  1.20825287e-09  4.91366687e-19 
 1.11000000e+00  1.11000000e+00  4.00000000e-01 -1.91636065e-03  1.91635859e-03  7.80200549e-10  1.28499204e-09  3.31259262e-19 
 1.12000000e+00  1.12000000e+00  4.00000000e-01 -1.93963665e-03  1.93963423e-03  1.05428707e-09  1.36510115e-09  1.14521088e-19 
 1.13000000e+00  1.13000000e+00  4.00000000e-01 -1.96308944e-03  1.96308657e-03  1.41710245e-09  1.44870879e-09  7.65529187e-19 
 1.14000000e+00  1.14000000e+00  4.00000000e-01 -1.98672196e-03  1.98671853e-03  1.89491381e-09  1.53594799e-09  1.76444656e-19 
 1.15000000e+00  1.15000000e+00  4.00000000e-01 -2.01053729e-03  2.01053314e-03  2.52103848e-09  1.62695638e-09  1.75345415e-18 
 1.16000000e+00  1.16000000e+00  4.00000000e-01 -2.03453864e-03  2.03453358e-03  3.33754070e-09  1.72187637e-09  1.31913801e-18 
 1.17000000e+00  1.17000000e+00  4.00000000e-01 -2.05872936e-03  2.05872314e-03  4.39728894e-09  1.82085524e-09  1.34337606e-18 
 1.18000000e+00  1.18000000e+00  4.00000000e-01 -2.08311290e-03  2.08310521e-03  5.76644007e-09  1.92404539e-09  8.23512894e-19 
 1.19000000e+00  1.19000000e+00  4.00000000e-01 -2.10769290e-03  2.10768334e-03  7.52742699e-09  2.03160440e-09  1.14212798e-18 
 1.20000000e+00  1.20000000e+00  4.00000000e-01 -2.13247309e-03  2.13246117e-03  9.78253713e-09  2.14369530e-09  7.65582127e-19 
 0.00000000e+00  0.00000000e+00  5.00000000e-01  6.17957049e-10  6.17957049e-10  8.00642137e-13 -1.23671474e-09  1.69060851e-18 
 1.00000000e-02  1.00000000e-02  5.00000000e-01 -1.76548018e-04  1.76549227e-04  8.17088007e-13 -1.20992614e-09  1.10306846e-18 
 2.00000000e-02  2.00000000e-02  5.00000000e-01 -3.35994212e-04  3.35995394e-04  8.35530910e-13 -1.18345651e-09  6.97375322e-19 
 3.00000000e-02  3.00000000e-02  5.00000000e-01 -4.79021322e-04  4.79022479e-04  8.56680691e-13 -1.15805072e-09  2.30637967e-18 
 4.00000000e-02  4.00000000e-02  5.00000000e-01 -6.06413283e-04  6.06414416e-04  8.81258904e-13 -1.13394076e-09  9.47258168e-19 
 5.00000000e-02  5.00000000e-02  5.00000000e-01 -7.18986414e-04  7.18987524e-04  9.10048297e-13 -1.11111862e-09  8.69065133e-19 
 6.00000000e-02  6.00000000e-02  5.00000000e-01 -8.17605634e-04  8.17606723e-04  9.43912360e-13 -1.08954239e-09  5.56572346e-19 
 7.00000000e-02  7.00000000e-02  5.00000000e-01 -9.03231845e-04  9.03232913e-04  9.83770717e-13 -1.06917089e-09  7.38748111e-20 
 8.00000000e-02  8.00000000e-02  5.00000000e-01 -9.76978687e-04  9.76979736e-04  1.03051615e-12 -1.04996600e-09  1.06218366e-18 
 9.00000000e-02  9.00000000e-02  5.00000000e-01 -1.04014949e-03  1.04015052e-03  1.08487909e-12 -1.03188962e-09  1.35884514e-18 
 1.00000000e-01  1.00000000e-01  5.00000000e-01 -1.09421963e-03  1.09422064e-03  1.14728479e-12 -1.01490027e-09  1.12871197e-18 
 1.10000000e-01  1.10000000e-01  5.00000000e-01 -1.14074919e-03  1.14075019e-03  1.21777484e-12 -9.98951448e-10  2.63612125e-19 
 1.20000000e-01  1.20000000e-01  5.00000000e-01 -1.18125298e-03  1.18125396e-03  1.29603849e-12 -9.83992297e-10  3.11480287e-19 
 1.30000000e-01  1.30000000e-01  5.00000000e-01 -1.21708238e-03  1.21708335e-03  1.38153115e-12 -9.69969953e-10  8.46636555e-19 
 1.40000000e-01  1.40000000e-01  5.00000000e-01 -1.24935962e-03  1.24936058e-03  1.47361466e-12 -9.56832200e-10  8.98079944e-19 
 1.50000000e-01  1.50000000e-01  5.00000000e-01 -1.27896828e-03  1.27896922e-03  1.57166520e-12 -9.44529351e-10  5.21927824e-19 
 1.60000000e-01  1.60000000e-01  5.00000000e-01 -1.30658028e-03  1.30658121e-03  1.67513273e-12 -9.33015151e-10  1.26255226e-18 
 1.70000000e-01  1.70000000e-01  5.00000000e-01 -1.33269690e-03  1.33269782e-03  1.78356152e-12 -9.22246935e-10  3.69216187e-19 
 1.80000000e-01  1.80000000e-01  5.00000000e-01 -1.35768926e-03  1.35769017e-03  1.89658790e-12 -9.12185388e-10  8.92074231e-19 
 1.90000000e-01  1.90000000e-01  5.00000000e-01 -1.38183220e-03  1.38183310e-03  2.01392822e-12 -9.02794154e-10  1.34245018e-19 
 2.00000000e-01  2.00000000e-01  5.00000000e-01 -1.40533034e-03  1.40533123e-03  2.13536431e-12 -8.94039434e-10  4.92118626e-19 
 2.10000000e-01  2.10000000e-01  5.00000000e-01 -1.42833733e-03  1.42833821e-03  2.26072988e-12 -8.85889639e-10  9.51763970e-19 
 2.20000000e-01  2.20000000e-01  5.00000000e-01 -1.45096966e-03  1.45097053e-03  2.38989915e-12 -8.78315082e-10  1.63206367e-18 
 2.30000000e-01  2.30000000e-01  5.00000000e-01 -1.47331661e-03  1.47331748e-03  2.52277768e-12 -8.71287749e-10  1.18352922e-18 
 2.40000000e-01  2.40000000e-01  5.00000000e-01 -1.49544733e-03  1.49544819e-03  2.65929534e-12 -8.64781113e-10  6.82491557e-19 
 2.50000000e-01  2.50000000e-01  5.00000000e-01 -1.51741593e-03  1.51741678e-03  2.79940085e-12 -8.58769984e-10  4.90537758e-19 
 2.60000000e-01  2.60000000e-01  5.00000000e-01 -1.53926516e-03  1.53926601e-03  2.94305758e-12 -8.53230379e-10  3.20292586e-19 
 2.70000000e-01  2.70000000e-01  5.00000000e-01 -1.56102914e-03  1.56102999e-03  3.09024043e-12 -8.48139435e-10  2.04020014e-18 
 2.80000000e-01  2.80000000e-01  5.00000000e-01 -1.58273529e-03  1.58273614e-03  3.24093338e-12 -8.43475324e-10  1.86767727e-19 
 2.90000000e-01  2.90000000e-01  5.00000000e-01 -1.60440585e-03  1.60440668e-03  3.39512757e-12 -8.39217185e-10  3.54384393e-19 
 3.00000000e-01  3.00000000e-01  5.00000000e-01 -1.62605894e-03  1.62605978e-03  3.55281993e-12 -8.35345062e-10  4.36576222e-19 
 3.10000000e-01  3.10000000e-01  5.00000000e-01 -1.64770948e-03  1.64771031e-03  3.71401198e-12 -8.31839864e-10  2.36285592e-18 
 3.20000000e-01  3.20000000e-01  5.00000000e-01 -1.66936977e-03  1.66937060e-03  3.87870895e-12 -8.28683303e-10  9.00224781e-19 
 3.30000000e-01  3.30000000e-01  5.00000000e-01 -1.69105002e-03  1.69105084e-03  4.04691914e-12 -8.25857873e-10  1.64237529e-18 
 3.40000000e-01  3.40000000e-01  5.00000000e-01 -1.71275873e-03  1.71275954e-03  4.21865329e-12 -8.23346800e-10  9.56731487e-19 
 3.50000000e-01  3.50000000e-01  5.00000000e-01 -1.73450300e-03  1.73450382e-03  4.39392419e-12 -8.21134017e-10  2.32744963e-18 
 3.60000000e-01  3.60000000e-01  5.00000000e-01 -1.75628881e-03  1.75628962e-03  4.57274627e-12 -8.19204133e-10  1.29738710e-18 
 3.70000000e-01  3.70000000e-01  5.00000000e-01 -1.77812115e-03  1.77812196e-03  4.75513536e-12 -8.17542393e-10  7.06106891e-19 
 3.80000000e-01  3.80000000e-01  5.00000000e-01 -1.80000422e-03  1.80000503e-03  4.94110844e-12 -8.16134675e-10  1.02526504e-18 
 3.90000000e-01  3.90000000e-01  5.00000000e-01 -1.82194155e-03  1.82194236e-03  5.13068344e-12 -8.14967446e-10  6.27900781e-19 
 4.00000000e-01  4.00000000e-01  5.00000000e-01 -1.84393612e-03  1.84393693e-03  5.32387908e-12 -8.14027745e-10  5.90691343e-19 
 4.10000000e-01  4.10000000e-01  5.00000000e-01 -1.86599042e-03  1.86599123e-03  5.52071474e-12 -8.13303171e-10  1.95288083e-18 
 4.20000000e-01  4.20000000e-01  5.00000000e-01 -1.88810651e-03  1.88810732e-03  5.72121037e-12 -8.12781854e-10  4.09889573e-19 
 4.30000000e-01  4.30000000e-01  5.00000000e-01 -1.91028614e-03  1.91028695e-03  5.92538639e-12 -8.12452456e-10  3.35393692e-19 
 4.40000000e-01  4.40000000e-01  5.00000000e-01 -1.93253072e-03  1.93253153e-03  6.13326358e-12 -8.12304154e-10  4.53174475e-19 
 4.50000000e-01  4.50000000e-01  5.00000000e-01 -1.95484144e-03  1.95484224e-03  6.34486310e-12 -8.12326689e-10  7.69063063e-19 
 4.60000000e-01  4.60000000e-01  5.00000000e-01 -1.97721922e-03  1.97722003e-03  6.56020636e-12 -8.12510427e-10  8.53320754e-19 
 4.70000000e-01  4.70000000e-01  5.00000000e-01 -1.99966483e-03  1.99966564e-03  6.77931500e-12 -8.12846703e-10  1.77798250e-18 
 4.80000000e-01  4.80000000e-01  5.00000000e-01 -2.02217884e-03  2.02217965e-03  7.00221088e-12 -8.13328797e-10  1.30232494e-18 
 4.90000000e-01  4.90000000e-01  5.00000000e-01 -2.04476170e-03  2.04476251e-03  7.22891601e-12 -8.13947323e-10  1.10817583e-18 
 5.00000000e-01  5.00000000e-01  5.00000000e-01 -2.06741370e-03  2.06741451e-03  7.45945255e-12 -8.14616841e-10  1.96093629e-18 
 5.10000000e-01  5.10000000e-01  5.00000000e-01 -2.09013504e-03  2.09013585e-03  7.69384279e-12 -8.15208356e-10  1.56550347e-18 
 5.20000000e-01  5.20000000e-01  5.00000000e-01 -2.11292583e-03  2.11292663e-03  7.93210910e-12 -8.15678979e-10  1.59463698e-18 
 5.30000000e-01  5.30000000e-01  5.00000000e-01 -2.13578606e-03  2.13578687e-03  8.17427397e-12 -8.16013873e-10  6.59633386e-19 
 5.40000000e-01  5.40000000e-01  5.00000000e-01 -2.15871569e-03  2.15871650e-03  8.42035993e-12 -8.16202193e-10  3.11448106e-20 
 5.50000000e-01  5.50000000e-01  5.00000000e-01 -2.18171458e-03  2.18171539e-03  8.67038960e-12 -8.16233641e-10  3.25558757e-19 
 5.60000000e-01  5.60000000e-01  5.00000000e-01 -2.20478256e-03  2.20478337e-03  8.92438566e-12 -8.16097774e-10  9.95241011e-19 
 5.70000000e-01  5.70000000e-01  5.00000000e-01 -2.22791940e-03  2.22792021e-03  9.18237084e-12 -8.15783824e-10  1.03511419e-18 
 5.80000000e-01  5.80000000e-01  5.00000000e-01 -2.25112485e-03  2.25112565e-03  9.44436791e-12 -8.15280597e-10  1.21684411e-19 
 5.90000000e-01  5.90000000e-01  5.00000000e-01 -2.27439859e-03  2.27439940e-03  9.71039969e-12 -8.14576441e-10  3.33409647e-19 
 6.00000000e-01  6.00000000e-01  5.00000000e-01 -2.29774033e-03  2.29774113e-03  9.98048903e-12 -8.13659213e-10  4.92912444e-19 
 6.10000000e-01  6.10000000e-01  5.00000000e-01 -2.32114971e-03  2.32115051e-03  1.02546589e-11 -8.12516257e-10  1.48536256e-18 
 6.20000000e-01  6.20000000e-01  5.00000000e-01 -2.34462639e-03  2.34462719e-03  1.05329321e-11 -8.11134380e-10  9.46296143e-19 
 6.30000000e-01  6.30000000e-01  5.00000000e-01 -2.36817002e-03  2.36817082e-03  1.08153317e-11 -8.09499823e-10  4.50204412e-19 
 6.40000000e-01  6.40000000e-01  5.00000000e-01 -2.39178024e-03  2.39178103e-03  1.11018808e-11 -8.07598247e-10  7.68049800e-20 
 6.50000000e-01  6.50000000e-01  5.00000000e-01 -2.41545669e-03  2.41545749e-03  1.13926023e-11 -8.05414707e-10  1.05228062e-18 
 6.60000000e-01  6.60000000e-01  5.00000000e-01 -2.43919905e-03  2.43919985e-03  1.16875195e-11 -8.02933636e-10  1.33658103e-18 
 6.70000000e-01  6.70000000e-01  5.00000000e-01 -2.46300699e-03  2.46300778e-03  1.19866554e-11 -8.00138804e-10  1.53968545e-18 
 6.80000000e-01  6.80000000e-01  5.00000000e-01 -2.48688021e-03  2.48688100e-03  1.22900333e-11 -7.97013320e-10  2.79525099e-19 
 6.90000000e-01  6.90000000e-01  5.00000000e-01 -2.51081844e-03  2.51081922e-03  1.25976764e-11 -7.93539581e-10  8.03588397e-19 
 7.00000000e-01  7.00000000e-01  5.00000000e-01 -2.53482142e-03  2.53482220e-03  1.29096082e-11 -7.89699263e-10  1.26293768e-19 
 7.10000000e-01  7.10000000e-01  5.00000000e-01 -2.55888897e-03  2.55888974e-03  1.32258518e-11 -7.85473287e-10  8.81229074e-19 
 7.20000000e-01  7.20000000e-01  5.00000000e-01 -2.58302092e-03  2.58302169e-03  1.35464309e-11 -7.80841799e-10  4.36232744e-19 
 7.30000000e-01  7.30000000e-01  5.00000000e-01 -2.60721716e-03  2.60721793e-03  1.38713689e-11 -7.75784131e-10  3.06524372e-18 
 7.40000000e-01  7.40000000e-01  5.00000000e-01 -2.63147764e-03  2.63147839e-03  1.42006895e-11 -7.70278787e-10  6.17708936e-19 
 7.50000000e-01  7.50000000e-01  5.00000000e-01 -2.65580234e-03  2.65580309e-03  1.45344163e-11 -7.64303393e-10  1.67491427e-18 
 7.60000000e-01  7.60000000e-01  5.00000000e-01 -2.68019135e-03  2.68019209e-03  1.48725730e-11 -7.57834684e-10  6.22968279e-19 
 7.70000000e-01  7.70000000e-01  5.00000000e-01 -2.70464478e-03  2.70464552e-03  1.52151837e-11 -7.50848460e-10  3.79000728e-19 
 7.80000000e-01  7.80000000e-01  5.00000000e-01 -2.72916285e-03  2.72916358e-03  1.55622721e-11 -7.43319559e-10  1.00446468e-18 
 7.90000000e-01  7.90000000e-01  5.00000000e-01 -2.75374585e-03  2.75374657e-03  1.59138624e-11 -7.35221828e-10  1.03063147e-18 
 8.00000000e-01  8.00000000e-01  5.00000000e-01 -2.77839415e-03  2.77839486e-03  1.62699788e-11 -7.26528072e-10  3.44454121e-19 
 8.10000000e-01  8.10000000e-01  5.00000000e-01 -2.80310820e-03  2.80310890e-03  1.66306455e-11 -7.17210026e-10  2.41822983e-18 
 8.20000000e-01  8.20000000e-01  5.00000000e-01 -2.82788855e-03  2.82788924e-03  1.69958869e-11 -7.07238325e-10  2.17282706e-18 
 8.30000000e-01  8.30000000e-01  5.00000000e-01 -2.85273585e-03  2.85273653e-03  1.73657276e-11 -6.96582457e-10  1.00546750e-18 
 8.40000000e-01  8.40000000e-01  5.00000000e-01 -2.87765086e-03  2.87765152e-03  1.77401923e-11 -6.85210713e-10  1.94575745e-18 
 8.50000000e-01  8.50000000e-01  5.00000000e-01 -2.90263442e-03  2.90263508e-03  1.81193058e-11 -6.73090169e-10  1.14876738e-18 
 8.60000000e-01  8.60000000e-01  5.00000000e-01 -2.92768751e-03  2.92768815e-03  1.85030930e-11 -6.60186626e-10  1.84989426e-18 
 8.70000000e-01  8.70000000e-01  5.00000000e-01 -2.95281119e-03  2.95281182e-03  1.88915791e-11 -6.46464562e-10  1.59066882e-18 
 8.80000000e-01  8.80000000e-01  5.00000000e-01 -2.97800668e-03  2.97800729e-03  1.92847894e-11 -6.31887105e-10  3.24470959e-19 
 8.90000000e-01  8.90000000e-01  5.00000000e-01 -3.00327528e-03  3.00327587e-03  1.96827492e-11 -6.16415972e-10  1.58964560e-18 
 9.00000000e-01  9.00000000e-01  5.00000000e-01 -3.02861843e-03  3.02861901e-03  2.00854843e-11 -6.00011422e-10  1.94411829e-18 
 9.10000000e-01  9.10000000e-01  5.00000000e-01 -3.05403771e-03  3.05403827e-03  2.04930204e-11 -5.82632205e-10  7.91441363e-19 
 9.20000000e-01  9.20000000e-01  5.00000000e-01 -3.07953481e-03  3.07953535e-03  2.09053836e-11 -5.64235516e-10  6.28105562e-19 
 9.30000000e-01  9.30000000e-01  5.00000000e-01 -3.10511156e-03  3.10511209e-03  2.13226000e-11 -5.44776932e-10  4.38830380e-18 
 9.40000000e-01  9.40000000e-01  5.00000000e-01 -3.13076994e-03  3.13077044e-03  2.17446961e-11 -5.24210373e-10  2.50116692e-19 
 9.50000000e-01  9.50000000e-01  5.00000000e-01 -3.15651204e-03  3.15651252e-03  2.21716984e-11 -5.02488022e-10  6.24886227e-20 
 9.60000000e-01  9.60000000e-01  5.00000000e-01 -3.18234012e-03  3.18234058e-03  2.26036339e-11 -4.79560282e-10  2.30657266e-18 
 9.70000000e-01  9.70000000e-01  5.00000000e-01 -3.20825656e-03  3.20825699e-03  2.30405297e-11 -4.55375720e-10  1.05197577e-19 
 9.80000000e-01  9.80000000e-01  5.00000000e-01 -3.23426389e-03  3.23426430e-03  2.34824129e-11 -4.29880978e-10  2.43149156e-18 
 9.90000000e-01  9.90000000e-01  5.00000000e-01 -3.26036479e-03  3.26036517e-03  2.39293112e-11 -4.03020745e-10  1.28178765e-18 
 1.00000000e+00  1.00000000e+00  5.00000000e-01 -3.28656209e-03  3.28656244e-03  2.43812524e-11 -3.74737659e-10  2.42042281e-18 
 1.01000000e+00  1.01000000e+00  5.00000000e-01 -3.31285876e-03  3.31285908e-03  2.48382646e-11 -3.44972252e-10  5.51038243e-19 
 1.02000000e+00  1.02000000e+00  5.00000000e-01 -3.33925793e-03  3.33925822e-03  2.53003760e-11 -3.13662879e-10  2.93057750e-18 
 1.03000000e+00  1.03000000e+00  5.00000000e-01 -3.36576286e-03  3.36576311e-03  2.57676155e-11 -2.80745639e-10  3.45017134e-18 
 1.04000000e+00  1.04000000e+00  5.00000000e-01 -3.39237698e-03  3.39237720e-03  3.03925812e-11 -2.46154309e-10  4.54349108e-19 
 1.05000000e+00  1.05000000e+00  5.00000000e-01 -3.41910388e-03  3.41910405e-03  4.22134241e-11 -2.09820255e-10  1.34588347e-18 
 1.06000000e+00  1.06000000e+00  5.00000000e-01 -3.44594728e-03  3.44594740e-03  5.89477885e-11 -1.71672352e-10  8.49631044e-19 
 1.07000000e+00  1.07000000e+00  5.00000000e-01 -3.47291107e-03  3.47291111e-03  8.24811511e-11 -1.31636917e-10  2.74859914e-18 
 1.08000000e+00  1.08000000e+00  5.00000000e-01 -3.49999927e-03  3.49999924e-03  1.15358351e-10 -8.96375942e-11  1.99695909e-18 
 1.09000000e+00  1.09000000e+00  5.00000000e-01 -3.52721607e-03  3.52721596e-03  1.60991797e-10 -4.55952984e-11  1.18208768e-18 
 1.10000000e+00  1.10000000e+00  5.00000000e-01 -3.55456582e-03  3.55456560e-03  2.23928346e-10  5.71900166e-13  3.80793086e-19 
 1.11000000e+00  1.11000000e+00  5.00000000e-01 -3.58205302e-03  3.58205266e-03  3.10189355e-10  4.89488623e-11  3.07737611e-18 
 1.12000000e+00  1.12000000e+00  5.00000000e-01 -3.60968230e-03  3.60968177e-03  4.27701525e-10  9.96234727e-11  2.20294275e-19 
 1.13000000e+00  1.13000000e+00  5.00000000e-01 -3.63745846e-03  3.63745772e-03  5.86839707e-10  1.52686742e-10  6.83839622e-19 
 1.14000000e+00  1.14000000e+00  5.00000000e-01 -3.66538647e-03  3.66538546e-03  8.01107137e-10  2.08232919e-10  8.68061740e-19 
 1.15000000e+00  1.15000000e+00  5.00000000e-01 -3.69347141e-03  3.69347006e-03  1.08798344e-09  2.66359578e-10  3.77782402e-18 
 1.16000000e+00  1.16000000e+00  5.00000000e-01 -3.72171856e-03  3.72171676e-03  1.46997643e-09  3.27167762e-10  1.01818778e-18 
 1.17000000e+00  1.17000000e+00  5.00000000e-01 -3.75013331e-03  3.75013094e-03  1.97592033e-09  3.90762051e-10  1.54590378e-18 
 1.18000000e+00  1.18000000e+00  5.00000000e-01 -3.77872123e-03  3.77871813e-03  2.64257044e-09  4.57250718e-10  1.81888166e-18 
 1.19000000e+00  1.19000000e+00  5.00000000e-01 -3.80748803e-03  3.80748399e-03  3.51655305e-09  5.26745834e-10  9.32058842e-19 
 1.20000000e+00  1.20000000e+00  5.00000000e-01 -3.83643959e-03  3.83643433e-03  4.65673889e-09  5.99363384e-10  1.37085334e-18 
 0.00000000e+00  0.00000000e+00  6.00000000e-01  1.34222796e-09  1.34222796e-09  4.59494572e-12 -2.68905086e-09  4.82252226e-20 
 1.00000000e-02  1.00000000e-02  6.00000000e-01 -2.66936576e-04  2.66939217e-04  4.68001898e-12 -2.64626893e-09  2.92248678e-19 
 2.00000000e-02  2.00000000e-02  6.00000000e-01 -5.17268827e-04  5.17271424e-04  4.76833052e-12 -2.60217491e-09  9.06045481e-19 
 3.00000000e-02  3.00000000e-02  6.00000000e-01 -7.51414238e-04  7.51416793e-04  4.86051668e-12 -2.55930155e-09  3.66111067e-19 
 4.00000000e-02  4.00000000e-02  6.00000000e-01 -9.69842996e-04  9.69845509e-04  4.95718071e-12 -2.51840990e-09  1.52782478e-18 
 5.00000000e-02  5.00000000e-02  6.00000000e-01 -1.17302370e-03  1.17302618e-03  5.05894366e-12 -2.47951397e-09  1.66104450e-19 
 6.00000000e-02  6.00000000e-02  6.00000000e-01 -1.36140636e-03  1.36140880e-03  5.16648641e-12 -2.44252948e-09  1.55055836e-18 
 7.00000000e-02  7.00000000e-02  6.00000000e-01 -1.53541868e-03  1.53542108e-03  5.28058513e-12 -2.40737606e-09  3.51285907e-19 
 8.00000000e-02  8.00000000e-02  6.00000000e-01 -1.69547050e-03  1.69547287e-03  5.40213990e-12 -2.37398790e-09  6.56550557e-19 
 9.00000000e-02  9.00000000e-02  6.00000000e-01 -1.84196579e-03  1.84196812e-03  5.53219217e-12 -2.34231200e-09  1.45532040e-18 
 1.00000000e-01  1.00000000e-01  6.00000000e-01 -1.97532352e-03  1.97532583e-03  5.67192302e-12 -2.31230531e-09  8.90083742e-19 
 1.10000000e-01  1.10000000e-01  6.00000000e-01 -2.09600849e-03  2.09601077e-03  5.82262023e-12 -2.28393188e-09  1.66877023e-18 
 1.20000000e-01  1.20000000e-01  6.00000000e-01 -2.20457046e-03  2.20457271e-03  5.98560263e-12 -2.25715958e-09  2.16071360e-18 
 1.30000000e-01  1.30000000e-01  6.00000000e-01 -2.30168505e-03  2.30168727e-03  6.16209852e-12 -2.23195619e-09  1.21168893e-18 
 1.40000000e-01  1.40000000e-01  6.00000000e-01 -2.38818342e-03  2.38818562e-03  6.35309418e-12 -2.20828509e-09  8.89481223e-20 
 1.50000000e-01  1.50000000e-01  6.00000000e-01 -2.46505494e-03  2.46505712e-03  6.55919225e-12 -2.18610161e-09  1.04181369e-18 
 1.60000000e-01  1.60000000e-01  6.00000000e-01 -2.53341328e-03  2.53341544e-03  6.78053010e-12 -2.16535119e-09  8.35905225e-19 
 1.70000000e-01  1.70000000e-01  6.00000000e-01 -2.59443113e-03  2.59443327e-03  7.01679023e-12 -2.14597003e-09  2.90899346e-18 
 1.80000000e-01  1.80000000e-01  6.00000000e-01 -2.64926262e-03  2.64926474e-03  7.26729562e-12 -2.12788777e-09  7.80018339e-19 
 1.90000000e-01  1.90000000e-01  6.00000000e-01 -2.69897612e-03  2.69897822e-03  7.53114926e-12 -2.11103123e-09  1.68367847e-18 
 2.00000000e-01  2.00000000e-01  6.00000000e-01 -2.74451145e-03  2.74451354e-03  7.80737126e-12 -2.09532784e-09  6.80215905e-19 
 2.10000000e-01  2.10000000e-01  6.00000000e-01 -2.78666350e-03  2.78666557e-03  8.09500311e-12 -2.08070816e-09  1.00850087e-18 
 2.20000000e-01  2.20000000e-01  6.00000000e-01 -2.82608590e-03  2.82608795e-03  8.39317129e-12 -2.06710726e-09  1.15380039e-18 
 2.30000000e-01  2.30000000e-01  6.00000000e-01 -2.86330628e-03  2.86330832e-03  8.70111623e-12 -2.05446525e-09  3.47867098e-18 
 2.40000000e-01  2.40000000e-01  6.00000000e-01 -2.89874596e-03  2.89874800e-03  9.01819798e-12 -2.04272716e-09  3.35771213e-19 
 2.50000000e-01  2.50000000e-01  6.00000000e-01 -2.93273970e-03  2.93274172e-03  9.34388883e-12 -2.03184260e-09  1.18318876e-18 
 2.60000000e-01  2.60000000e-01  6.00000000e-01 -2.96555323e-03  2.96555524e-03  9.67775992e-12 -2.02176527e-09  1.27630853e-18 
 2.70000000e-01  2.70000000e-01  6.00000000e-01 -2.99739796e-03  2.99739996e-03  1.00194665e-11 -2.01245244e-09  3.20117983e-19 
 2.80000000e-01  2.80000000e-01  6.00000000e-01 -3.02844274e-03  3.02844473e-03  1.03687336e-11 -2.00386452e-09  1.75830577e-18 
 2.90000000e-01  2.90000000e-01  6.00000000e-01 -3.05882319e-03  3.05882518e-03  1.07253439e-11 -1.99596463e-09  1.43340593e-18 
 3.00000000e-01  3.00000000e-01  6.00000000e-01 -3.08864887e-03  3.08865085e-03  1.10891268e-11 -1.98871827e-09  1.90119792e-18 
 3.10000000e-01  3.10000000e-01  6.00000000e-01 -3.11800888e-03  3.11801085e-03  1.14599501e-11 -1.98209306e-09  8.01850384e-19 
 3.20000000e-01  3.20000000e-01  6.00000000e-01 -3.14697613e-03  3.14697810e-03  1.18377126e-11 -1.97605846e-09  1.25837914e-18 
 3.30000000e-01  3.30000000e-01  6.00000000e-01 -3.17561073e-03  3.17561269e-03  1.22223388e-11 -1.97058564e-09  6.45437821e-19 
 3.40000000e-01  3.40000000e-01  6.00000000e-01 -3.20396250e-03  3.20396445e-03  1.26137741e-11 -1.96564727e-09  3.14424597e-18 
 3.50000000e-01  3.50000000e-01  6.00000000e-01 -3.23207303e-03  3.23207498e-03  1.30119811e-11 -1.96121740e-09  1.76328014e-19 
 3.60000000e-01  3.60000000e-01  6.00000000e-01 -3.25997722e-03  3.25997916e-03  1.34169369e-11 -1.95727136e-09  2.53183380e-18 
 3.70000000e-01  3.70000000e-01  6.00000000e-01 -3.28770454e-03  3.28770648e-03  1.38286306e-11 -1.95378566e-09  2.04901178e-18 
 3.80000000e-01  3.80000000e-01  6.00000000e-01 -3.31528000e-03  3.31528193e-03  1.42470615e-11 -1.95073790e-09  2.19527425e-18 
 3.90000000e-01  3.90000000e-01  6.00000000e-01 -3.34272494e-03  3.34272687e-03  1.46722371e-11 -1.94810672e-09  1.47622672e-18 
 4.00000000e-01  4.00000000e-01  6.00000000e-01 -3.37005765e-03  3.37005958e-03  1.51041727e-11 -1.94587171e-09  4.54078561e-19 
 4.10000000e-01  4.10000000e-01  6.00000000e-01 -3.39729389e-03  3.39729582e-03  1.55428896e-11 -1.94401336e-09  2.06287515e-18 
 4.20000000e-01  4.20000000e-01  6.00000000e-01 -3.42444728e-03  3.42444921e-03  1.59884145e-11 -1.94251303e-09  2.52429650e-18 
 4.30000000e-01  4.30000000e-01  6.00000000e-01 -3.45152965e-03  3.45153157e-03  1.64407791e-11 -1.94135290e-09  1.55919794e-18 
 4.40000000e-01  4.40000000e-01  6.00000000e-01 -3.47855129e-03  3.47855321e-03  1.69000192e-11 -1.94051591e-09  4.06462252e-19 
 4.50000000e-01  4.50000000e-01  6.00000000e-01 -3.50552123e-03  3.50552315e-03  1.73661742e-11 -1.93998574e-09  1.43720822e-18 
 4.60000000e-01  4.60000000e-01  6.00000000e-01 -3.53244737e-03  3.53244930e-03  1.78392870e-11 -1.93974680e-09  1.35965426e-18 
 4.70000000e-01  4.70000000e-01  6.00000000e-01 -3.55933668e-03  3.55933861e-03  1.83194034e-11 -1.93978414e-09  1.84688116e-18 
 4.80000000e-01  4.80000000e-01  6.00000000e-01 -3.58619530e-03  3.58619722e-03  1.88065721e-11 -1.94008346e-09  5.47537417e-19 
 4.90000000e-01  4.90000000e-01  6.00000000e-01 -3.61302866e-03  3.61303058e-03  1.93008441e-11 -1.94063110e-09  1.55144092e-18 
 5.00000000e-01  5.00000000e-01  6.00000000e-01 -3.63984159e-03  3.63984351e-03  1.98022729e-11 -1.94141395e-09  2.27670949e-19 
 5.10000000e-01  5.10000000e-01  6.00000000e-01 -3.66663837e-03  3.66664029e-03  2.03109141e-11 -1.94241953e-09  3.25959270e-19 
 5.20000000e-01  5.20000000e-01  6.00000000e-01 -3.69342283e-03  3.69342475e-03  2.08268253e-11 -1.94363587e-09  6.42731246e-19 
 5.30000000e-01  5.30000000e-01  6.00000000e-01 -3.72019837e-03  3.72020029e-03  2.13500660e-11 -1.94505155e-09  1.97005038e-18 
 5.40000000e-01  5.40000000e-01  6.00000000e-01 -3.74696806e-03  3.74696998e-03  2.18806978e-11 -1.94665569e-09  1.78917874e-20 
 5.50000000e-01  5.50000000e-01  6.00000000e-01 -3.77373462e-03  3.77373655e-03  2.24187835e-11 -1.94843798e-09  3.07529415e-19 
 5.60000000e-01  5.60000000e-01  6.00000000e-01 -3.80050053e-03  3.80050246e-03  2.29643882e-11 -1.95038874e-09  1.74258466e-18 
 5.70000000e-01  5.70000000e-01  6.00000000e-01 -3.82726799e-03  3.82726992e-03  2.35175782e-11 -1.95249928e-09  5.34822472e-19 
 5.80000000e-01  5.80000000e-01  6.00000000e-01 -3.85403899e-03  3.85404092e-03  2.40784215e-11 -1.95476286e-09  1.69296728e-18 
 5.90000000e-01  5.90000000e-01  6.00000000e-01 -3.88081535e-03  3.88081729e-03  2.46469878e-11 -1.95717006e-09  6.81978494e-19 
 6.00000000e-01  6.00000000e-01  6.00000000e-01 -3.90759870e-03  3.90760064e-03  2.52233480e-11 -1.95963547e-09  5.41775846e-19 
 6.10000000e-01  6.10000000e-01  6.00000000e-01 -3.93439053e-03  3.93439247e-03  2.58075749e-11 -1.96203006e-09  1.61328377e-18 
 6.20000000e-01  6.20000000e-01  6.00000000e-01 -3.96119220e-03  3.96119414e-03  2.63997426e-11 -1.96431097e-09  7.97457758e-19 
 6.30000000e-01  6.30000000e-01  6.00000000e-01 -3.98800495e-03  3.98800689e-03  2.69999264e-11 -1.96646337e-09  2.44679617e-18 
 6.40000000e-01  6.40000000e-01  6.00000000e-01 -4.01482994e-03  4.01483188e-03  2.76082036e-11 -1.96847644e-09  1.18036620e-18 
 6.50000000e-01  6.50000000e-01  6.00000000e-01 -4.04166822e-03  4.04167016e-03  2.82246525e-11 -1.97033989e-09  1.60525986e-18 
 6.60000000e-01  6.60000000e-01  6.00000000e-01 -4.06852078e-03  4.06852273e-03  2.88493531e-11 -1.97204333e-09  1.20210553e-18 
 6.70000000e-01  6.70000000e-01  6.00000000e-01 -4.09538858e-03  4.09539053e-03  2.94823868e-11 -1.97357601e-09  1.06575409e-18 
 6.80000000e-01  6.80000000e-01  6.00000000e-01 -4.12227250e-03  4.12227444e-03  3.01238365e-11 -1.97492678e-09  1.26805295e-19 
 6.90000000e-01  6.90000000e-01  6.00000000e-01 -4.14917338e-03  4.14917533e-03  3.07737864e-11 -1.97608402e-09  7.88810909e-19 
 7.00000000e-01  7.00000000e-01  6.00000000e-01 -4.17609208e-03  4.17609403e-03  3.14323224e-11 -1.97703564e-09  5.04424463e-19 
 7.10000000e-01  7.10000000e-01  6.00000000e-01 -4.20302940e-03  4.20303135e-03  3.20995318e-11 -1.97776904e-09  4.37927782e-19 
 7.20000000e-01  7.20000000e-01  6.00000000e-01 -4.22998617e-03  4.22998812e-03  3.27755034e-11 -1.97827107e-09  6.19126193e-19 
 7.30000000e-01  7.30000000e-01  6.00000000e-01 -4.25696320e-03  4.25696515e-03  3.34603276e-11 -1.97852803e-09  2.79289340e-18 
 7.40000000e-01  7.40000000e-01  6.00000000e-01 -4.28396134e-03  4.28396328e-03  3.41540962e-11 -1.97852564e-09  8.06331112e-19 
 7.50000000e-01  7.50000000e-01  6.00000000e-01 -4.31098144e-03  4.31098338e-03  3.48569026e-11 -1.97824903e-09  1.25839753e-18 
 7.60000000e-01  7.60000000e-01  6.00000000e-01 -4.33802440e-03  4.33802635e-03  3.55688418e-11 -1.97768268e-09  1.21710639e-18 
 7.70000000e-01  7.70000000e-01  6.00000000e-01 -4.36509118e-03  4.36509312e-03  3.62900104e-11 -1.97681043e-09  2.23333826e-18 
 7.80000000e-01  7.80000000e-01  6.00000000e-01 -4.39218275e-03  4.39218468e-03  3.70205067e-11 -1.97561547e-09  2.81495346e-18 
 7.90000000e-01  7.90000000e-01  6.00000000e-01 -4.41930016e-03  4.41930210e-03  3.77604303e-11 -1.97408027e-09  1.86694963e-18 
 8.00000000e-01  8.00000000e-01  6.00000000e-01 -4.44644455e-03  4.44644648e-03  3.85098829e-11 -1.97218658e-09  2.47109354e-18 
 8.10000000e-01  8.10000000e-01  6.00000000e-01 -4.47361709e-03  4.47361902e-03  3.92689676e-11 -1.96991539e-09  3.62847569e-18 
 8.20000000e-01  8.20000000e-01  6.00000000e-01 -4.50081908e-03  4.50082101e-03  4.00377892e-11 -1.96724695e-09  5.06759583e-18 
 8.30000000e-01  8.30000000e-01  6.00000000e-01 -4.52805188e-03  4.52805380e-03  4.08164544e-11 -1.96416066e-09  1.71448162e-18 
 8.40000000e-01  8.40000000e-01  6.00000000e-01 -4.55531696e-03  4.55531888e-03  4.16050714e-11 -1.96063511e-09  3.84247118e-18 
 8.50000000e-01  8.50000000e-01  6.00000000e-01 -4.58261588e-03  4.58261780e-03  4.24037506e-11 -1.95664801e-09  6.65872509e-20 
 8.60000000e-01  8.60000000e-01  6.00000000e-01 -4.60995034e-03  4.60995225e-03  4.32126037e-11 -1.95217621e-09  9.69159185e-20 
 8.70000000e-01  8.70000000e-01  6.00000000e-01 -4.63732214e-03  4.63732404e-03  4.40317447e-11 -1.94719558e-09  5.78580578e-19 
 8.80000000e-01  8.80000000e-01  6.00000000e-01 -4.66473320e-03  4.66473510e-03  4.48612891e-11 -1.94168106e-09  5.15023006e-20 
 8.90000000e-01  8.90000000e-01  6.00000000e-01 -4.69218558e-03  4.69218747e-03  4.57013546e-11 -1.93560660e-09  4.51339249e-19 
 9.00000000e-01  9.00000000e-01  6.00000000e-01 -4.71968147e-03  4.71968335e-03  4.65520606e-11 -1.92894510e-09  6.25881170e-19 
 9.10000000e-01  9.10000000e-01  6.00000000e-01 -4.74722320e-03  4.74722507e-03  4.74135286e-11 -1.92166840e-09  3.72856116e-18 
 9.20000000e-01  9.20000000e-01  6.00000000e-01 -4.77481325e-03  4.77481511e-03  4.82858820e-11 -1.91374723e-09  3.25598757e-18 
 9.30000000e-01  9.30000000e-01  6.00000000e-01 -4.80245425e-03  4.80245610e-03  4.91692464e-11 -1.90515120e-09  3.08199540e-18 
 9.40000000e-01  9.40000000e-01  6.00000000e-01 -4.83014898e-03  4.83015083e-03  5.00637493e-11 -1.89584871e-09  2.47138446e-18 
 9.50000000e-01  9.50000000e-01  6.00000000e-01 -4.85790039e-03  4.85790222e-03  5.09695203e-11 -1.88580694e-09  2.58959559e-18 
 9.60000000e-01  9.60000000e-01  6.00000000e-01 -4.88571157e-03  4.88571339e-03  5.18866912e-11 -1.87499180e-09  1.79575311e-18 
 9.70000000e-01  9.70000000e-01  6.00000000e-01 -4.91358580e-03  4.91358761e-03  5.28153959e-11 -1.86336789e-09  7.58366095e-18 
 9.80000000e-01  9.80000000e-01  6.00000000e-01 -4.94152651e-03  4.94152831e-03  5.37557707e-11 -1.85089847e-09  8.68106485e-19 
 9.90000000e-01  9.90000000e-01  6.00000000e-01 -4.96953731e-03  4.96953910e-03  5.47079538e-11 -1.83754536e-09  1.39884751e-18 
 1.00000000e+00  1.00000000e+00  6.00000000e-01 -4.99762199e-03  4.99762376e-03  5.56720859e-11 -1.82326894e-09  3.54291384e-18 
 1.01000000e+00  1.01000000e+00  6.00000000e-01 -5.02578450e-03  5.02578625e-03  5.66483101e-11 -1.80802809e-09  5.15577281e-20 
 1.02000000e+00  1.02000000e+00  6.00000000e-01 -5.05402898e-03  5.05403071e-03  5.76367717e-11 -1.79178014e-09  3.05408370e-18 
 1.03000000e+00  1.03000000e+00  6.00000000e-01 -5.08235974e-03  5.08236145e-03  5.86376183e-11 -1.77448079e-09  1.00275083e-18 
 1.04000000e+00  1.04000000e+00  6.00000000e-01 -5.11078127e-03  5.11078297e-03  5.96510003e-11 -1.75608409e-09  3.48199261e-18 
 1.05000000e+00  1.05000000e+00  6.00000000e-01 -5.13929826e-03  5.13929994e-03  6.06770701e-11 -1.73654237e-09  1.74133357e-18 
 1.06000000e+00  1.06000000e+00  6.00000000e-01 -5.16791556e-03  5.16791721e-03  6.17159831e-11 -1.71580616e-09  2.49171173e-18 
 1.07000000e+00  1.07000000e+00  6.00000000e-01 -5.19663820e-03  5.19663983e-03  6.27678970e-11 -1.69382416e-09  1.91299788e-18 
 1.08000000e+00  1.08000000e+00  6.00000000e-01 -5.22547141e-03  5.22547302e-03  6.38329720e-11 -1.67054316e-09  9.62848263e-19 
 1.09000000e+00  1.09000000e+00  6.00000000e-01 -5.25442060e-03  5.25442218e-03  6.94160514e-11 -1.64590800e-09  1.39092765e-18 
 1.10000000e+00  1.10000000e+00  6.00000000e-01 -5.28349136e-03  5.28349289e-03  8.72028783e-11 -1.61986146e-09  3.79414533e-18 
 1.11000000e+00  1.11000000e+00  6.00000000e-01 -5.31268945e-03  5.31269093e-03  1.12180138e-10 -1.59234422e-09  1.94913414e-18 
 1.12000000e+00  1.12000000e+00  6.00000000e-01 -5.34202082e-03  5.34202223e-03  1.47091585e-10 -1.56329479e-09  8.61893945e-19 
 1.13000000e+00  1.13000000e+00  6.00000000e-01 -5.37149160e-03  5.37149293e-03  1.95635267e-10 -1.53264942e-09  3.34747211e-18 
 1.14000000e+00  1.14000000e+00  6.00000000e-01 -5.40110809e-03  5.40110933e-03  2.62762920e-10 -1.50034204e-09  9.11512555e-19 
 1.15000000e+00  1.15000000e+00  6.00000000e-01 -5.43087679e-03  5.43087790e-03  3.55063073e-10 -1.46630419e-09  7.67073430e-19 
 1.16000000e+00  1.16000000e+00  6.00000000e-01 -5.46080436e-03  5.46080531e-03  4.81248363e-10 -1.43046490e-09  9.00938653e-19 
 1.17000000e+00  1.17000000e+00  6.00000000e-01 -5.49089764e-03  5.49089838e-03  6.52771856e-10 -1.39275065e-09  1.85990341e-18 
 1.18000000e+00  1.18000000e+00  6.00000000e-01 -5.52116364e-03  5.52116410e-03  8.84602202e-10 -1.35308525e-09  2.52936001e-18 
 1.19000000e+00  1.19000000e+00  6.00000000e-01 -5.55160955e-03  5.55160966e-03  1.19619332e-09 -1.31138979e-09  8.98795428e-19 
 1.20000000e+00  1.20000000e+00  6.00000000e-01 -5.58224273e-03  5.58224238e-03  1.61269111e-09 -1.26758252e-09  2.07003272e-18 
 0.00000000e+00  0.00000000e+00  7.00000000e-01  2.55378435e-09  2.55378435e-09  2.75821653e-11 -5.13515087e-09  3.23844822e-19 
 1.00000000e-02  1.00000000e-02  7.00000000e-01 -3.24442814e-04  3.24447855e-04  2.80811887e-11 -5.06903994e-09  5.80320359e-19 
 2.00000000e-02  2.00000000e-02  7.00000000e-01 -6.34268751e-04  6.34273721e-04  2.85905312e-11 -4.99845317e-09  5.82514430e-19 
 3.00000000e-02  3.00000000e-02  7.00000000e-01 -9.29750204e-04  9.29755104e-04  2.91108748e-11 -4.92917425e-09  1.41361831e-18 
 4.00000000e-02  4.00000000e-02  7.00000000e-01 -1.21119041e-03  1.21119525e-03  2.96428392e-11 -4.86288509e-09  1.92942405e-18 
 5.00000000e-02  5.00000000e-02  7.00000000e-01 -1.47889497e-03  1.47889974e-03  3.01870232e-11 -4.79963464e-09  1.73227841e-19 
 6.00000000e-02  6.00000000e-02  7.00000000e-01 -1.73315994e-03  1.73316465e-03  3.07440387e-11 -4.73926574e-09  2.06972927e-18 
 7.00000000e-02  7.00000000e-02  7.00000000e-01 -1.97426562e-03  1.97427027e-03  3.13145377e-11 -4.68162868e-09  1.82092078e-18 
 8.00000000e-02  8.00000000e-02  7.00000000e-01 -2.20247304e-03  2.20247763e-03  3.18992368e-11 -4.62660069e-09  1.42453447e-18 
 9.00000000e-02  9.00000000e-02  7.00000000e-01 -2.41802205e-03  2.41802659e-03  3.24989408e-11 -4.57408137e-09  2.63398205e-19 
 1.00000000e-01  1.00000000e-01  7.00000000e-01 -2.62113079e-03  2.62113528e-03  3.31145642e-11 -4.52398744e-09  1.20642806e-19 
 1.10000000e-01  1.10000000e-01  7.00000000e-01 -2.81199677e-03  2.81200121e-03  3.37471529e-11 -4.47624943e-09  1.08699291e-18 
 1.20000000e-01  1.20000000e-01  7.00000000e-01 -2.99080026e-03  2.99080466e-03  3.43979018e-11 -4.43080957e-09  5.62125274e-19 
 1.30000000e-01  1.30000000e-01  7.00000000e-01 -3.15771102e-03  3.15771537e-03  3.50681658e-11 -4.38762045e-09  9.19887196e-19 
 1.40000000e-01  1.40000000e-01  7.00000000e-01 -3.31289963e-03  3.31290394e-03  3.57594579e-11 -4.34664373e-09  3.07065316e-18 
 1.50000000e-01  1.50000000e-01  7.00000000e-01 -3.45655484e-03  3.45655912e-03  3.64734264e-11 -4.30784844e-09  1.17739425e-18 
 1.60000000e-01  1.60000000e-01  7.00000000e-01 -3.58890734e-03  3.58891158e-03  3.72118015e-11 -4.27120858e-09  1.05856151e-19 
 1.70000000e-01  1.70000000e-01  7.00000000e-01 -3.71025883e-03  3.71026303e-03  3.79763064e-11 -4.23669963e-09  1.06691163e-18 
 1.80000000e-01  1.80000000e-01  7.00000000e-01 -3.82101234e-03  3.82101650e-03  3.87685342e-11 -4.20429411e-09  1.03158658e-18 
 1.90000000e-01  1.90000000e-01  7.00000000e-01 -3.92169644e-03  3.92170057e-03  3.95898066e-11 -4.17395682e-09  2.26304905e-18 
 2.00000000e-01  2.00000000e-01  7.00000000e-01 -4.01297479e-03  4.01297889e-03  4.04410438e-11 -4.14564061e-09  2.58648567e-18 
 2.10000000e-01  2.10000000e-01  7.00000000e-01 -4.09563430e-03  4.09563838e-03  4.13226821e-11 -4.11928401e-09  1.52216044e-19 
 2.20000000e-01  2.20000000e-01  7.00000000e-01 -4.17055178e-03  4.17055584e-03  4.22346639e-11 -4.09481127e-09  1.95098969e-18 
 2.30000000e-01  2.30000000e-01  7.00000000e-01 -4.23864606e-03  4.23865009e-03  4.31765012e-11 -4.07213497e-09  1.14042038e-18 
 2.40000000e-01  2.40000000e-01  7.00000000e-01 -4.30082716e-03  4.30083117e-03  4.41473914e-11 -4.05116010e-09  9.31265990e-19 
 2.50000000e-01  2.50000000e-01  7.00000000e-01 -4.35795327e-03  4.35795725e-03  4.51463513e-11 -4.03178867e-09  1.11011114e-18 
 2.60000000e-01  2.60000000e-01  7.00000000e-01 -4.41080160e-03  4.41080557e-03  4.61723383e-11 -4.01392371e-09  2.34064541e-18 
 2.70000000e-01  2.70000000e-01  7.00000000e-01 -4.46005400e-03  4.46005795e-03  4.72243427e-11 -3.99747218e-09  1.05815059e-18 
 2.80000000e-01  2.80000000e-01  7.00000000e-01 -4.50629462e-03  4.50629855e-03  4.83014472e-11 -3.98234672e-09  1.54288240e-18 
 2.90000000e-01  2.90000000e-01  7.00000000e-01 -4.55001548e-03  4.55001940e-03  4.94028575e-11 -3.96846645e-09  1.53100640e-18 
 3.00000000e-01  3.00000000e-01  7.00000000e-01 -4.59162643e-03  4.59163033e-03  5.05279118e-11 -3.95575703e-09  2.65995681e-18 
 3.10000000e-01  3.10000000e-01  7.00000000e-01 -4.63146657e-03  4.63147047e-03  5.16760783e-11 -3.94415040e-09  1.82613788e-18 
 3.20000000e-01  3.20000000e-01  7.00000000e-01 -4.66981559e-03  4.66981947e-03  5.28469445e-11 -3.93358422e-09  4.52119672e-18 
 3.30000000e-01  3.30000000e-01  7.00000000e-01 -4.70690398e-03  4.70690785e-03  5.40402044e-11 -3.92400131e-09  6.55286084e-19 
 3.40000000e-01  3.40000000e-01  7.00000000e-01 -4.74292194e-03  4.74292580e-03  5.52556441e-11 -3.91534904e-09  2.68456505e-19 
 3.50000000e-01  3.50000000e-01  7.00000000e-01 -4.77802684e-03  4.77803069e-03  5.64931291e-11 -3.90757881e-09  2.28928653e-18 
 3.60000000e-01  3.60000000e-01  7.00000000e-01 -4.81234929e-03  4.81235313e-03  5.77525924e-11 -3.90064553e-09  6.14017416e-19 
 3.70000000e-01  3.70000000e-01  7.00000000e-01 -4.84599818e-03  4.84600202e-03  5.90340245e-11 -3.89450723e-09  1.43905445e-18 
 3.80000000e-01  3.80000000e-01  7.00000000e-01 -4.87906470e-03  4.87906853e-03  6.03374646e-11 -3.88912469e-09  1.32061693e-18 
 3.90000000e-01  3.90000000e-01  7.00000000e-01 -4.91162553e-03  4.91162935e-03  6.16629937e-11 -3.88446117e-09  1.29457501e-18 
 4.00000000e-01  4.00000000e-01  7.00000000e-01 -4.94374548e-03  4.94374930e-03  6.30107282e-11 -3.88048211e-09  2.24013361e-18 
 4.10000000e-01  4.10000000e-01  7.00000000e-01 -4.97547962e-03  4.97548343e-03  6.43808154e-11 -3.87715492e-09  4.04560286e-19 
 4.20000000e-01  4.20000000e-01  7.00000000e-01 -5.00687490e-03  5.00687871e-03  6.57734291e-11 -3.87444883e-09  1.60650392e-19 
 4.30000000e-01  4.30000000e-01  7.00000000e-01 -5.03797158e-03  5.03797539e-03  6.71887665e-11 -3.87233472e-09  1.92828862e-18 
 4.40000000e-01  4.40000000e-01  7.00000000e-01 -5.06880433e-03  5.06880813e-03  6.86270454e-11 -3.87078493e-09  2.15750777e-18 
 4.50000000e-01  4.50000000e-01  7.00000000e-01 -5.09940310e-03  5.09940690e-03  7.00885020e-11 -3.86977326e-09  1.62239009e-18 
 4.60000000e-01  4.60000000e-01  7.00000000e-01 -5.12979392e-03  5.12979771e-03  7.15733886e-11 -3.86927476e-09  2.72380556e-18 
 4.70000000e-01  4.70000000e-01  7.00000000e-01 -5.15999946e-03  5.16000326e-03  7.30819728e-11 -3.86926569e-09  8.28947832e-19 
 4.80000000e-01  4.80000000e-01  7.00000000e-01 -5.19003958e-03  5.19004337e-03  7.46145357e-11 -3.86972345e-09  6.98766057e-19 
 4.90000000e-01  4.90000000e-01  7.00000000e-01 -5.21993169e-03  5.21993548e-03  7.61713711e-11 -3.87062649e-09  1.58110686e-18 
 5.00000000e-01  5.00000000e-01  7.00000000e-01 -5.24969115e-03  5.24969494e-03  7.77527845e-11 -3.87195426e-09  1.16556221e-18 
 5.10000000e-01  5.10000000e-01  7.00000000e-01 -5.27933154e-03  5.27933533e-03  7.93590925e-11 -3.87368717e-09  1.41372583e-18 
 5.20000000e-01  5.20000000e-01  7.00000000e-01 -5.30886489e-03  5.30886868e-03  8.09906222e-11 -3.87580649e-09  1.08592142e-20 
 5.30000000e-01  5.30000000e-01  7.00000000e-01 -5.33830192e-03  5.33830572e-03  8.26477106e-11 -3.87829437e-09  1.57519101e-18 
 5.40000000e-01  5.40000000e-01  7.00000000e-01 -5.36765218e-03  5.36765598e-03  8.43307044e-11 -3.88113374e-09  1.24794694e-18 
 5.50000000e-01  5.50000000e-01  7.00000000e-01 -5.39692421e-03  5.39692801e-03  8.60399596e-11 -3.88430832e-09  3.04520520e-19 
 5.60000000e-01  5.60000000e-01  7.00000000e-01 -5.42612569e-03  5.42612949e-03  8.77758412e-11 -3.88780256e-09  5.86826742e-20 
 5.70000000e-01  5.70000000e-01  7.00000000e-01 -5.45526350e-03  5.45526730e-03  8.95387232e-11 -3.89160160e-09  4.69575389e-19 
 5.80000000e-01  5.80000000e-01  7.00000000e-01 -5.48434385e-03  5.48434765e-03  9.13289880e-11 -3.89569124e-09  2.48652754e-19 
 5.90000000e-01  5.90000000e-01  7.00000000e-01 -5.51337236e-03  5.51337617e-03  9.31470269e-11 -3.90005795e-09  2.03733709e-18 
 6.00000000e-01  6.00000000e-01  7.00000000e-01 -5.54235411e-03  5.54235792e-03  9.49932393e-11 -3.90468880e-09  5.63746374e-19 
 6.10000000e-01  6.10000000e-01  7.00000000e-01 -5.57129371e-03  5.57129752e-03  9.68680333e-11 -3.90957146e-09  3.20802937e-18 
 6.20000000e-01  6.20000000e-01  7.00000000e-01 -5.60019537e-03  5.60019918e-03  9.87718253e-11 -3.91469417e-09  1.33067343e-18 
 6.30000000e-01  6.30000000e-01  7.00000000e-01 -5.62906291e-03  5.62906672e-03  1.00705040e-10 -3.92004572e-09  1.18758147e-18 
 6.40000000e-01  6.40000000e-01  7.00000000e-01 -5.65789983e-03  5.65790365e-03  1.02668111e-10 -3.92561547e-09  5.39773965e-18 
 6.50000000e-01  6.50000000e-01  7.00000000e-01 -5.68670936e-03  5.68671318e-03  1.04661479e-10 -3.93139335e-09  3.23595648e-18 
 6.60000000e-01  6.60000000e-01  7.00000000e-01 -5.71549444e-03  5.71549827e-03  1.06685594e-10 -3.93736996e-09  1.16580509e-20 
 6.70000000e-01  6.70000000e-01  7.00000000e-01 -5.74425782e-03  5.74426165e-03  1.08740916e-10 -3.94353690e-09  8.09208459e-19 
 6.80000000e-01  6.80000000e-01  7.00000000e-01 -5.77300201e-03  5.77300585e-03  1.10827910e-10 -3.94988772e-09  4.91818965e-18 
 6.90000000e-01  6.90000000e-01  7.00000000e-01 -5.80172938e-03  5.80173323e-03  1.12947052e-10 -3.95641333e-09  9.07025772e-19 
 7.00000000e-01  7.00000000e-01  7.00000000e-01 -5.83044214e-03  5.83044599e-03  1.15098827e-10 -3.96302862e-09  4.31138969e-19 
 7.10000000e-01  7.10000000e-01  7.00000000e-01 -5.85914235e-03  5.85914620e-03  1.17283727e-10 -3.96960495e-09  6.29380273e-20 
 7.20000000e-01  7.20000000e-01  7.00000000e-01 -5.88783198e-03  5.88783584e-03  1.19502255e-10 -3.97609978e-09  1.42105995e-18 
 7.30000000e-01  7.30000000e-01  7.00000000e-01 -5.91651290e-03  5.91651676e-03  1.21754921e-10 -3.98249866e-09  2.84105446e-18 
 7.40000000e-01  7.40000000e-01  7.00000000e-01 -5.94518692e-03  5.94519078e-03  1.24042245e-10 -3.98879116e-09  2.75184885e-18 
 7.50000000e-01  7.50000000e-01  7.00000000e-01 -5.97385576e-03  5.97385963e-03  1.26364755e-10 -3.99496738e-09  8.76981590e-19 
 7.60000000e-01  7.60000000e-01  7.00000000e-01 -6.00252112e-03  6.00252500e-03  1.28722992e-10 -4.00101734e-09  2.27793890e-18 
 7.70000000e-01  7.70000000e-01  7.00000000e-01 -6.03118469e-03  6.03118856e-03  1.31117501e-10 -4.00693071e-09  7.22049317e-19 
 7.80000000e-01  7.80000000e-01  7.00000000e-01 -6.05984810e-03  6.05985198e-03  1.33548841e-10 -4.01269677e-09  2.71102278e-18 
 7.90000000e-01  7.90000000e-01  7.00000000e-01 -6.08851303e-03  6.08851692e-03  1.36017578e-10 -4.01830435e-09  2.45810851e-18 
 8.00000000e-01  8.00000000e-01  7.00000000e-01 -6.11718115e-03  6.11718504e-03  1.38524290e-10 -4.02374181e-09  2.33272176e-18 
 8.10000000e-01  8.10000000e-01  7.00000000e-01 -6.14585416e-03  6.14585805e-03  1.41069562e-10 -4.02899701e-09  7.85996376e-19 
 8.20000000e-01  8.20000000e-01  7.00000000e-01 -6.17453381e-03  6.17453770e-03  1.43653992e-10 -4.03405729e-09  2.66698389e-18 
 8.30000000e-01  8.30000000e-01  7.00000000e-01 -6.20322189e-03  6.20322578e-03  1.46278187e-10 -4.03890943e-09  1.45346816e-18 
 8.40000000e-01  8.40000000e-01  7.00000000e-01 -6.23192027e-03  6.23192416e-03  1.48942764e-10 -4.04353966e-09  4.26308632e-18 
 8.50000000e-01  8.50000000e-01  7.00000000e-01 -6.26063088e-03  6.26063478e-03  1.51648352e-10 -4.04793361e-09  2.25254412e-19 
 8.60000000e-01  8.60000000e-01  7.00000000e-01 -6.28935576e-03  6.28935966e-03  1.54395589e-10 -4.05207629e-09  3.18520241e-18 
 8.70000000e-01  8.70000000e-01  7.00000000e-01 -6.31809703e-03  6.31810093e-03  1.57185125e-10 -4.05595209e-09  3.77408837e-18 
 8.80000000e-01  8.80000000e-01  7.00000000e-01 -6.34685693e-03  6.34686083e-03  1.60017620e-10 -4.05954471e-09  2.66760521e-18 
 8.90000000e-01  8.90000000e-01  7.00000000e-01 -6.37563779e-03  6.37564169e-03  1.62893747e-10 -4.06283721e-09  4.97354699e-19 
 9.00000000e-01  9.00000000e-01  7.00000000e-01 -6.40444211e-03  6.40444601e-03  1.65814189e-10 -4.06581188e-09  6.28757329e-19 
 9.10000000e-01  9.10000000e-01  7.00000000e-01 -6.43327249e-03  6.43327639e-03  1.68779640e-10 -4.06845032e-09  1.06793634e-18 
 9.20000000e-01  9.20000000e-01  7.00000000e-01 -6.46213169e-03  6.46213559e-03  1.71790809e-10 -4.07073334e-09  1.31241815e-18 
 9.30000000e-01  9.30000000e-01  7.00000000e-01 -6.49102263e-03  6.49102653e-03  1.74848412e-10 -4.07264096e-09  2.99200190e-18 
 9.40000000e-01  9.40000000e-01  7.00000000e-01 -6.51994837e-03  6.51995227e-03  1.77953182e-10 -4.07415239e-09  4.13182015e-19 
 9.50000000e-01  9.50000000e-01  7.00000000e-01 -6.54891215e-03  6.54891604e-03  1.81105861e-10 -4.07524596e-09  1.63718298e-18 
 9.60000000e-01  9.60000000e-01  7.00000000e-01 -6.57791738e-03  6.57792127e-03  1.84307206e-10 -4.07589913e-09  1.50333989e-18 
 9.70000000e-01  9.70000000e-01  7.00000000e-01 -6.60696764e-03  6.60697153e-03  1.87557983e-10 -4.07608847e-09  4.94652272e-18 
 9.80000000e-01  9.80000000e-01  7.00000000e-01 -6.63606672e-03  6.63607060e-03  1.90858976e-10 -4.07578954e-09  2.01132750e-18 
 9.90000000e-01  9.90000000e-01  7.00000000e-01 -6.66521857e-03  6.66522245e-03  1.94210978e-10 -4.07497698e-09  2.67105920e-18 
 1.00000000e+00  1.00000000e+00  7.00000000e-01 -6.69442735e-03  6.69443122e-03  1.97614797e-10 -4.07362438e-09  1.34324226e-18 
 1.01000000e+00  1.01000000e+00  7.00000000e-01 -6.72369741e-03  6.72370128e-03  2.01071255e-10 -4.07170427e-09  1.17808055e-18 
 1.02000000e+00  1.02000000e+00  7.00000000e-01 -6.75303332e-03  6.75303719e-03  2.04581188e-10 -4.06918809e-09  3.24854971e-19 
 1.03000000e+00  1.03000000e+00  7.00000000e-01 -6.78243984e-03  6.78244370e-03  2.08145443e-10 -4.06604618e-09  5.26647724e-19 
 1.04000000e+00  1.04000000e+00  7.00000000e-01 -6.81192194e-03  6.81192579e-03  2.11764885e-10 -4.06224767e-09  1.54794310e-18 
 1.05000000e+00  1.05000000e+00  7.00000000e-01 -6.84148481e-03  6.84148865e-03  2.15440392e-10 -4.05776048e-09  4.92009334e-18 
 1.06000000e+00  1.06000000e+00  7.00000000e-01 -6.87113383e-03  6.87113766e-03  2.19172857e-10 -4.05255130e-09  1.81134935e-18 
 1.07000000e+00  1.07000000e+00  7.00000000e-01 -6.90087463e-03  6.90087845e-03  2.22963186e-10 -4.04658551e-09  5.45860415e-19 
 1.08000000e+00  1.08000000e+00  7.00000000e-01 -6.93071302e-03  6.93071683e-03  2.26812304e-10 -4.03982712e-09  1.20979445e-18 
 1.09000000e+00  1.09000000e+00  7.00000000e-01 -6.96065505e-03  6.96065885e-03  2.30721147e-10 -4.03223879e-09  6.11271480e-19 
 1.10000000e+00  1.10000000e+00  7.00000000e-01 -6.99070698e-03  6.99071077e-03  2.34690671e-10 -4.02378171e-09  1.61500966e-19 
 1.11000000e+00  1.11000000e+00  7.00000000e-01 -7.02087528e-03  7.02087905e-03  2.38721844e-10 -4.01441559e-09  3.79853342e-18 
 1.12000000e+00  1.12000000e+00  7.00000000e-01 -7.05116664e-03  7.05117040e-03  2.42815653e-10 -4.00409859e-09  5.44221874e-19 
 1.13000000e+00  1.13000000e+00  7.00000000e-01 -7.08158798e-03  7.08159172e-03  2.46973100e-10 -3.99278729e-09  1.18497314e-18 
 1.14000000e+00  1.14000000e+00  7.00000000e-01 -7.11214641e-03  7.11215014e-03  2.56715331e-10 -3.98043659e-09  1.25136059e-18 
 1.15000000e+00  1.15000000e+00  7.00000000e-01 -7.14284929e-03  7.14285298e-03  2.83336516e-10 -3.96699972e-09  3.46087198e-20 
 1.16000000e+00  1.16000000e+00  7.00000000e-01 -7.17370416e-03  7.17370780e-03  3.19581640e-10 -3.95242812e-09  7.25130901e-18 
 1.17000000e+00  1.17000000e+00  7.00000000e-01 -7.20471878e-03  7.20472235e-03  3.69093854e-10 -3.93667140e-09  5.23637727e-18 
 1.18000000e+00  1.18000000e+00  7.00000000e-01 -7.23590112e-03  7.23590460e-03  4.36778630e-10 -3.91967729e-09  1.97248806e-18 
 1.19000000e+00  1.19000000e+00  7.00000000e-01 -7.26725935e-03  7.26726273e-03  5.29198136e-10 -3.90139157e-09  1.47357976e-18 
 1.20000000e+00  1.20000000e+00  7.00000000e-01 -7.29880187e-03  7.29880510e-03  6.55075278e-10 -3.88175798e-09  2.35353243e-18 
 0.00000000e+00  0.00000000e+00  8.00000000e-01  4.47282389e-09  4.47282389e-09  1.59193587e-10 -9.10484137e-09  5.39580693e-19 
 1.00000000e-02  1.00000000e-02  8.00000000e-01 -3.61222853e-04  3.61231697e-04  1.62039437e-10 -9.00643565e-09  2.67106823e-18 
 2.00000000e-02  2.00000000e-02  8.00000000e-01 -7.09721846e-04  7.09730579e-04  1.64936630e-10 -8.89820873e-09  4.14834024e-19 
 3.00000000e-02  3.00000000e-02  8.00000000e-01 -1.04568816e-03  1.04569678e-03  1.67886507e-10 -8.79129416e-09  6.53038854e-19 
 4.00000000e-02  4.00000000e-02  8.00000000e-01 -1.36933236e-03  1.36934088e-03  1.70890348e-10 -8.68886124e-09  2.70075607e-19 
 5.00000000e-02  5.00000000e-02  8.00000000e-01 -1.68086783e-03  1.68087625e-03  1.73949403e-10 -8.59101699e-09  1.02441061e-18 
 6.00000000e-02  6.00000000e-02  8.00000000e-01 -1.98050425e-03  1.98051257e-03  1.77064921e-10 -8.49749373e-09  1.21213760e-18 
 7.00000000e-02  7.00000000e-02  8.00000000e-01 -2.26844364e-03  2.26845186e-03  1.80238176e-10 -8.40803885e-09  8.86422254e-19 
 8.00000000e-02  8.00000000e-02  8.00000000e-01 -2.54487768e-03  2.54488582e-03  1.83470479e-10 -8.32244736e-09  7.14933237e-19 
 9.00000000e-02  9.00000000e-02  8.00000000e-01 -2.80998576e-03  2.80999381e-03  1.86763197e-10 -8.24055166e-09  1.37626191e-18 
 1.00000000e-01  1.00000000e-01  8.00000000e-01 -3.06393332e-03  3.06394129e-03  1.90117771e-10 -8.16221090e-09  1.35574988e-18 
 1.10000000e-01  1.10000000e-01  8.00000000e-01 -3.30687047e-03  3.30687837e-03  1.93535724e-10 -8.08730412e-09  3.75422073e-19 
 1.20000000e-01  1.20000000e-01  8.00000000e-01 -3.53893089e-03  3.53893871e-03  1.97018683e-10 -8.01572617e-09  4.49460011e-19 
 1.30000000e-01  1.30000000e-01  8.00000000e-01 -3.76023090e-03  3.76023864e-03  2.00568391e-10 -7.94738545e-09  1.41570483e-18 
 1.40000000e-01  1.40000000e-01  8.00000000e-01 -3.97086912e-03  3.97087680e-03  2.04186729e-10 -7.88220262e-09  1.19498055e-18 
 1.50000000e-01  1.50000000e-01  8.00000000e-01 -4.17092693e-03  4.17093454e-03  2.07875726e-10 -7.82011001e-09  2.63208504e-18 
 1.60000000e-01  1.60000000e-01  8.00000000e-01 -4.36047018e-03  4.36047773e-03  2.11637580e-10 -7.76105121e-09  8.57008875e-19 
 1.70000000e-01  1.70000000e-01  8.00000000e-01 -4.53955294e-03  4.53956043e-03  2.15474662e-10 -7.70498076e-09  2.77577308e-19 
 1.80000000e-01  1.80000000e-01  8.00000000e-01 -4.70822405e-03  4.70823149e-03  2.19389521e-10 -7.65186344e-09  1.13437006e-18 
 1.90000000e-01  1.90000000e-01  8.00000000e-01 -4.86653746e-03  4.86654483e-03  2.23384865e-10 -7.60167311e-09  1.06571386e-18 
 2.00000000e-01  2.00000000e-01  8.00000000e-01 -5.01456696e-03  5.01457429e-03  2.27463529e-10 -7.55439059e-09  8.93728172e-19 
 2.10000000e-01  2.10000000e-01  8.00000000e-01 -5.15242557e-03  5.15243285e-03  2.31628405e-10 -7.51000039e-09  2.94186061e-19 
 2.20000000e-01  2.20000000e-01  8.00000000e-01 -5.28028817e-03  5.28029540e-03  2.35882355e-10 -7.46848630e-09  3.20726823e-19 
 2.30000000e-01  2.30000000e-01  8.00000000e-01 -5.39841458e-03  5.39842177e-03  2.40228088e-10 -7.42982597e-09  1.78787438e-19 
 2.40000000e-01  2.40000000e-01  8.00000000e-01 -5.50716847e-03  5.50717562e-03  2.44668035e-10 -7.39398535e-09  8.20205360e-19 
 2.50000000e-01  2.50000000e-01  8.00000000e-01 -5.60702660e-03  5.60703372e-03  2.49204233e-10 -7.36091377e-09  2.84800891e-18 
 2.60000000e-01  2.60000000e-01  8.00000000e-01 -5.69857428e-03  5.69858136e-03  2.53838250e-10 -7.33054115e-09  4.26029707e-19 
 2.70000000e-01  2.70000000e-01  8.00000000e-01 -5.78248606e-03  5.78249311e-03  2.58571174e-10 -7.30277774e-09  1.81862017e-19 
 2.80000000e-01  2.80000000e-01  8.00000000e-01 -5.85949485e-03  5.85950186e-03  2.63403653e-10 -7.27751662e-09  3.53947896e-19 
 2.90000000e-01  2.90000000e-01  8.00000000e-01 -5.93035562e-03  5.93036261e-03  2.68335992e-10 -7.25463827e-09  1.10925551e-18 
 3.00000000e-01  3.00000000e-01  8.00000000e-01 -5.99581065e-03  5.99581761e-03  2.73368274e-10 -7.23401596e-09  2.80256753e-19 
 3.10000000e-01  3.10000000e-01  8.00000000e-01 -6.05656149e-03  6.05656842e-03  2.78500477e-10 -7.21552111e-09  3.20073609e-19 
 3.20000000e-01  3.20000000e-01  8.00000000e-01 -6.11325014e-03  6.11325705e-03  2.83732576e-10 -7.19902760e-09  7.15990684e-19 
 3.30000000e-01  3.30000000e-01  8.00000000e-01 -6.16644930e-03  6.16645619e-03  2.89064620e-10 -7.18441485e-09  7.52971810e-19 
 3.40000000e-01  3.40000000e-01  8.00000000e-01 -6.21665997e-03  6.21666685e-03  2.94496777e-10 -7.17156974e-09  4.42706082e-18 
 3.50000000e-01  3.50000000e-01  8.00000000e-01 -6.26431425e-03  6.26432111e-03  3.00029361e-10 -7.16038742e-09  4.43845285e-18 
 3.60000000e-01  3.60000000e-01  8.00000000e-01 -6.30978108e-03  6.30978792e-03  3.05662844e-10 -7.15077153e-09  2.21150661e-18 
 3.70000000e-01  3.70000000e-01  8.00000000e-01 -6.35337342e-03  6.35338026e-03  3.11397850e-10 -7.14263381e-09  7.68233551e-19 
 3.80000000e-01  3.80000000e-01  8.00000000e-01 -6.39535582e-03  6.39536264e-03  3.17235152e-10 -7.13589355e-09  2.00943610e-18 
 3.90000000e-01  3.90000000e-01  8.00000000e-01 -6.43595145e-03  6.43595826e-03  3.23175657e-10 -7.13047695e-09  3.23749083e-18 
 4.00000000e-01  4.00000000e-01  8.00000000e-01 -6.47534866e-03  6.47535546e-03  3.29220392e-10 -7.12631635e-09  3.04293567e-18 
 4.10000000e-01  4.10000000e-01  8.00000000e-01 -6.51370653e-03  6.51371332e-03  3.35370498e-10 -7.12334960e-09  8.68904430e-19 
 4.20000000e-01  4.20000000e-01  8.00000000e-01 -6.55115975e-03  6.55116653e-03  3.41627214e-10 -7.12151942e-09  5.00092254e-19 
 4.30000000e-01  4.30000000e-01  8.00000000e-01 -6.58782263e-03  6.58782941e-03  3.47991868e-10 -7.12077284e-09  3.00478155e-18 
 4.40000000e-01  4.40000000e-01  8.00000000e-01 -6.62379253e-03  6.62379930e-03  3.54465871e-10 -7.12106075e-09  1.45880151e-18 
 4.50000000e-01  4.50000000e-01  8.00000000e-01 -6.65915261e-03  6.65915937e-03  3.61050704e-10 -7.12233744e-09  2.20785771e-18 
 4.60000000e-01  4.60000000e-01  8.00000000e-01 -6.69397419e-03  6.69398095e-03  3.67747919e-10 -7.12456028e-09  1.01460506e-18 
 4.70000000e-01  4.70000000e-01  8.00000000e-01 -6.72831865e-03  6.72832540e-03  3.74559127e-10 -7.12768939e-09  1.52180419e-18 
 4.80000000e-01  4.80000000e-01  8.00000000e-01 -6.76223902e-03  6.76224577e-03  3.81485998e-10 -7.13168738e-09  1.78474190e-18 
 4.90000000e-01  4.90000000e-01  8.00000000e-01 -6.79578126e-03  6.79578801e-03  3.88530257e-10 -7.13651913e-09  3.02523152e-18 
 5.00000000e-01  5.00000000e-01  8.00000000e-01 -6.82898540e-03  6.82899215e-03  3.95693679e-10 -7.14215156e-09  3.10016644e-18 
 5.10000000e-01  5.10000000e-01  8.00000000e-01 -6.86188637e-03  6.86189312e-03  4.02978088e-10 -7.14855353e-09  1.91971828e-18 
 5.20000000e-01  5.20000000e-01  8.00000000e-01 -6.89451480e-03  6.89452155e-03  4.10385357e-10 -7.15569559e-09  3.31828228e-18 
 5.30000000e-01  5.30000000e-01  8.00000000e-01 -6.92689761e-03  6.92690436e-03  4.17917401e-10 -7.16354997e-09  9.87799856e-19 
 5.40000000e-01  5.40000000e-01  8.00000000e-01 -6.95905856e-03  6.95906530e-03  4.25576183e-10 -7.17209035e-09  1.21530616e-19 
 5.50000000e-01  5.50000000e-01  8.00000000e-01 -6.99101866e-03  6.99102541e-03  4.33363707e-10 -7.18129185e-09  2.68451852e-18 
 5.60000000e-01  5.60000000e-01  8.00000000e-01 -7.02279659e-03  7.02280334e-03  4.41282020e-10 -7.19113091e-09  2.10580528e-18 
 5.70000000e-01  5.70000000e-01  8.00000000e-01 -7.05440896e-03  7.05441571e-03  4.49333212e-10 -7.20158519e-09  7.53115119e-19 
 5.80000000e-01  5.80000000e-01  8.00000000e-01 -7.08587060e-03  7.08587735e-03  4.57519414e-10 -7.21263351e-09  2.31811835e-19 
 5.90000000e-01  5.90000000e-01  8.00000000e-01 -7.11719479e-03  7.11720154e-03  4.65842800e-10 -7.22425583e-09  3.71051509e-19 
 6.00000000e-01  6.00000000e-01  8.00000000e-01 -7.14839344e-03  7.14840020e-03  4.74305582e-10 -7.23643311e-09  2.64729984e-18 
 6.10000000e-01  6.10000000e-01  8.00000000e-01 -7.17947728e-03  7.17948404e-03  4.82910017e-10 -7.24914734e-09  1.05712865e-18 
 6.20000000e-01  6.20000000e-01  8.00000000e-01 -7.21045598e-03  7.21046275e-03  4.91658402e-10 -7.26238143e-09  1.22581146e-18 
 6.30000000e-01  6.30000000e-01  8.00000000e-01 -7.24133829e-03  7.24134507e-03  5.00553076e-10 -7.27611918e-09  1.01865886e-18 
 6.40000000e-01  6.40000000e-01  8.00000000e-01 -7.27213213e-03  7.27213891e-03  5.09596419e-10 -7.29034527e-09  1.17112769e-18 
 6.50000000e-01  6.50000000e-01  8.00000000e-01 -7.30284470e-03  7.30285149e-03  5.18790855e-10 -7.30504519e-09  2.09806680e-18 
 6.60000000e-01  6.60000000e-01  8.00000000e-01 -7.33348256e-03  7.33348935e-03  5.28138849e-10 -7.32020522e-09  9.81913225e-19 
 6.70000000e-01  6.70000000e-01  8.00000000e-01 -7.36405168e-03  7.36405848e-03  5.37642910e-10 -7.33581237e-09  3.26426770e-19 
 6.80000000e-01  6.80000000e-01  8.00000000e-01 -7.39455755e-03  7.39456435e-03  5.47305588e-10 -7.35185439e-09  2.14552639e-18 
 6.90000000e-01  6.90000000e-01  8.00000000e-01 -7.42500517e-03  7.42501198e-03  5.57129480e-10 -7.36831972e-09  1.60120288e-18 
 7.00000000e-01  7.00000000e-01  8.00000000e-01 -7.45539917e-03  7.45540599e-03  5.67117225e-10 -7.38519746e-09  3.61299443e-18 
 7.10000000e-01  7.10000000e-01  8.00000000e-01 -7.48574381e-03  7.48575063e-03  5.77271508e-10 -7.40247736e-09  4.06722329e-18 
 7.20000000e-01  7.20000000e-01  8.00000000e-01 -7.51604302e-03  7.51604985e-03  5.87595057e-10 -7.42014978e-09  1.49435254e-18 
 7.30000000e-01  7.30000000e-01  8.00000000e-01 -7.54630048e-03  7.54630732e-03  5.98090649e-10 -7.43820571e-09  2.11442843e-18 
 7.40000000e-01  7.40000000e-01  8.00000000e-01 -7.57651959e-03  7.57652644e-03  6.08761104e-10 -7.45663673e-09  1.29313755e-18 
 7.50000000e-01  7.50000000e-01  8.00000000e-01 -7.60670357e-03  7.60671042e-03  6.19609293e-10 -7.47543505e-09  1.23404666e-18 
 7.60000000e-01  7.60000000e-01  8.00000000e-01 -7.63685542e-03  7.63686228e-03  6.30638131e-10 -7.49459360e-09  2.08679264e-19 
 7.70000000e-01  7.70000000e-01  8.00000000e-01 -7.66697800e-03  7.66698487e-03  6.41850584e-10 -7.51410634e-09  3.97109250e-19 
 7.80000000e-01  7.80000000e-01  8.00000000e-01 -7.69707403e-03  7.69708091e-03  6.53249664e-10 -7.53396925e-09  3.52009646e-18 
 7.90000000e-01  7.90000000e-01  8.00000000e-01 -7.72714612e-03  7.72715301e-03  6.64838434e-10 -7.55417573e-09  9.33452125e-19 
 8.00000000e-01  8.00000000e-01  8.00000000e-01 -7.75719679e-03  7.75720369e-03  6.76620010e-10 -7.57464317e-09  2.94405967e-18 
 8.10000000e-01  8.10000000e-01  8.00000000e-01 -7.78722850e-03  7.78723540e-03  6.88597554e-10 -7.59524551e-09  8.61597530e-19 
 8.20000000e-01  8.20000000e-01  8.00000000e-01 -7.81724365e-03  7.81725056e-03  7.00774283e-10 -7.61594283e-09  1.13829947e-18 
 8.30000000e-01  8.30000000e-01  8.00000000e-01 -7.84724462e-03  7.84725154e-03  7.13153467e-10 -7.63672336e-09  3.67671443e-21 
 8.40000000e-01  8.40000000e-01  8.00000000e-01 -7.87723378e-03  7.87724071e-03  7.25738426e-10 -7.65757939e-09  1.60200204e-18 
 8.50000000e-01  8.50000000e-01  8.00000000e-01 -7.90721351e-03  7.90722045e-03  7.38532536e-10 -7.67850379e-09  7.40236486e-19 
 8.60000000e-01  8.60000000e-01  8.00000000e-01 -7.93718621e-03  7.93719316e-03  7.51539228e-10 -7.69948938e-09  3.55030841e-18 
 8.70000000e-01  8.70000000e-01  8.00000000e-01 -7.96715433e-03  7.96716129e-03  7.64761989e-10 -7.72052873e-09  4.02770008e-18 
 8.80000000e-01  8.80000000e-01  8.00000000e-01 -7.99712036e-03  7.99712733e-03  7.78204359e-10 -7.74161403e-09  2.17206731e-18 
 8.90000000e-01  8.90000000e-01  8.00000000e-01 -8.02708689e-03  8.02709386e-03  7.91869939e-10 -7.76273709e-09  3.06611265e-18 
 9.00000000e-01  9.00000000e-01  8.00000000e-01 -8.05705657e-03  8.05706355e-03  8.05762386e-10 -7.78388929e-09  3.82402878e-18 
 9.10000000e-01  9.10000000e-01  8.00000000e-01 -8.08703217e-03  8.08703916e-03  8.19885416e-10 -7.80506158e-09  3.10393404e-18 
 9.20000000e-01  9.20000000e-01  8.00000000e-01 -8.11701657e-03  8.11702357e-03  8.34242805e-10 -7.82624443e-09  2.24407690e-19 
 9.30000000e-01  9.30000000e-01  8.00000000e-01 -8.14701277e-03  8.14701977e-03  8.48838390e-10 -7.84742780e-09  5.02311734e-19 
 9.40000000e-01  9.40000000e-01  8.00000000e-01 -8.17702392e-03  8.17703093e-03  8.63676067e-10 -7.86860116e-09  6.97373847e-19 
 9.50000000e-01  9.50000000e-01  8.00000000e-01 -8.20705331e-03  8.20706032e-03  8.78759798e-10 -7.88975343e-09  5.31502835e-20 
 9.60000000e-01  9.60000000e-01  8.00000000e-01 -8.23710440e-03  8.23711142e-03  8.94093604e-10 -7.91087298e-09  7.06441608e-19 
 9.70000000e-01  9.70000000e-01  8.00000000e-01 -8.26718082e-03  8.26718784e-03  9.09681574e-10 -7.93194759e-09  1.05161126e-18 
 9.80000000e-01  9.80000000e-01  8.00000000e-01 -8.29728638e-03  8.29729341e-03  9.25527859e-10 -7.95296445e-09  1.68038702e-18 
 9.90000000e-01  9.90000000e-01  8.00000000e-01 -8.32742508e-03  8.32743211e-03  9.41636678e-10 -7.97391011e-09  1.61118901e-18 
 1.00000000e+00  1.00000000e+00  8.00000000e-01 -8.35760112e-03  8.35760815e-03  9.58012316e-10 -7.99477045e-09  9.57362297e-19 
 1.01000000e+00  1.01000000e+00  8.00000000e-01 -8.38781890e-03  8.38782594e-03  9.74659126e-10 -8.01553070e-09  1.41888110e-18 
 1.02000000e+00  1.02000000e+00  8.00000000e-01 -8.41808306e-03  8.41809010e-03  9.91581529e-10 -8.03617536e-09  5.21883531e-18 
 1.03000000e+00  1.03000000e+00  8.00000000e-01 -8.44839841e-03  8.44840546e-03  1.00878402e-09 -8.05668821e-09  5.61654416e-18 
 1.04000000e+00  1.04000000e+00  8.00000000e-01 -8.47877005e-03  8.47877710e-03  1.02627115e-09 -8.07705226e-09  4.25443143e-18 
 1.05000000e+00  1.05000000e+00  8.00000000e-01 -8.50920325e-03  8.50921030e-03  1.04404757e-09 -8.09724973e-09  6.70192899e-19 
 1.06000000e+00  1.06000000e+00  8.00000000e-01 -8.53970356e-03  8.53971061e-03  1.06211798e-09 -8.11726201e-09  5.55101367e-18 
 1.07000000e+00  1.07000000e+00  8.00000000e-01 -8.57027674e-03  8.57028380e-03  1.08048715e-09 -8.13706966e-09  1.78399221e-18 
 1.08000000e+00  1.08000000e+00  8.00000000e-01 -8.60092882e-03  8.60093588e-03  1.09915995e-09 -8.15665232e-09  1.54226047e-18 
 1.09000000e+00  1.09000000e+00  8.00000000e-01 -8.63166605e-03  8.63167311e-03  1.11814131e-09 -8.17598874e-09  4.34079942e-18 
 1.10000000e+00  1.10000000e+00  8.00000000e-01 -8.66249495e-03  8.66250201e-03  1.13743624e-09 -8.19505670e-09  2.30937908e-18 
 1.11000000e+00  1.11000000e+00  8.00000000e-01 -8.69342228e-03  8.69342933e-03  1.15704982e-09 -8.21383299e-09  2.78272243e-19 
 1.12000000e+00  1.12000000e+00  8.00000000e-01 -8.72445505e-03  8.72446210e-03  1.17698721e-09 -8.23229340e-09  3.45072455e-19 
 1.13000000e+00  1.13000000e+00  8.00000000e-01 -8.75560052e-03  8.75560757e-03  1.19725368e-09 -8.25041261e-09  2.32651434e-18 
 1.14000000e+00  1.14000000e+00  8.00000000e-01 -8.78686622e-03  8.78687327e-03  1.21785454e-09 -8.26816424e-09  2.13171888e-19 
 1.15000000e+00  1.15000000e+00  8.00000000e-01 -8.81825992e-03  8.81826696e-03  1.23879521e-09 -8.28552074e-09  1.23912152e-18 
 1.16000000e+00  1.16000000e+00  8.00000000e-01 -8.84978963e-03  8.84979667e-03  1.26008118e-09 -8.30245338e-09  1.01099255e-18 
 1.17000000e+00  1.17000000e+00  8.00000000e-01 -8.88146364e-03  8.88147067e-03  1.28171802e-09 -8.31893222e-09  1.45160313e-18 
 1.18000000e+00  1.18000000e+00  8.00000000e-01 -8.91329046e-03  8.91329749e-03  1.30371142e-09 -8.33492602e-09  2.66351640e-18 
 1.19000000e+00  1.19000000e+00  8.00000000e-01 -8.94527887e-03  8.94528589e-03  1.33445323e-09 -8.35040223e-09  3.80015872e-19 
 1.20000000e+00  1.20000000e+00  8.00000000e-01 -8.97743791e-03  8.97744489e-03  1.38587432e-09 -8.36532694e-09  1.81939182e-18 
 0.00000000e+00  0.00000000e+00  9.00000000e-01  7.40190931e-09  7.40190931e-09  8.71680754e-10 -1.56754994e-08  3.39590367e-18 
 1.00000000e-02  1.00000000e-02  9.00000000e-01 -3.86104707e-04  3.86119360e-04  8.87048378e-10 -1.55397254e-08  8.02365194e-22 
 2.00000000e-02  2.00000000e-02  9.00000000e-01 -7.61052584e-04  7.61067068e-04  9.02682888e-10 -1.53858154e-08  1.22386955e-18 
 3.00000000e-02  3.00000000e-02  9.00000000e-01 -1.12498387e-03  1.12499818e-03  9.18589190e-10 -1.52332221e-08  1.86428705e-18 
 4.00000000e-02  4.00000000e-02  9.00000000e-01 -1.47805382e-03  1.47806798e-03  9.34772184e-10 -1.50874031e-08  2.55659152e-18 
 5.00000000e-02  5.00000000e-02  9.00000000e-01 -1.82041965e-03  1.82043365e-03  9.51236791e-10 -1.49485579e-08  2.09224831e-18 
 6.00000000e-02  6.00000000e-02  9.00000000e-01 -2.15223699e-03  2.15225083e-03  9.67987980e-10 -1.48162574e-08  1.30486625e-18 
 7.00000000e-02  7.00000000e-02  9.00000000e-01 -2.47365764e-03  2.47367134e-03  9.85030787e-10 -1.46901007e-08  8.20537525e-19 
 8.00000000e-02  8.00000000e-02  9.00000000e-01 -2.78482794e-03  2.78484151e-03  1.00237033e-09 -1.45697675e-08  3.33945221e-20 
 9.00000000e-02  9.00000000e-02  9.00000000e-01 -3.08588748e-03  3.08590092e-03  1.02001182e-09 -1.44549988e-08  1.14010428e-18 
 1.00000000e-01  1.00000000e-01  9.00000000e-01 -3.37696801e-03  3.37698132e-03  1.03796057e-09 -1.43455774e-08  6.23467121e-19 
 1.10000000e-01  1.10000000e-01  9.00000000e-01 -3.65819244e-03  3.65820563e-03  1.05622203e-09 -1.42413162e-08  1.38578085e-18 
 1.20000000e-01  1.20000000e-01  9.00000000e-01 -3.92967387e-03  3.92968694e-03  1.07480174e-09 -1.41420503e-08  2.28624656e-18 
 1.30000000e-01  1.30000000e-01  9.00000000e-01 -4.19151465e-03  4.19152761e-03  1.09370541e-09 -1.40476328e-08  2.74495544e-19 
 1.40000000e-01  1.40000000e-01  9.00000000e-01 -4.44380537e-03  4.44381822e-03  1.11293890e-09 -1.39579317e-08  4.90069151e-19 
 1.50000000e-01  1.50000000e-01  9.00000000e-01 -4.68662390e-03  4.68663664e-03  1.13250820e-09 -1.38728291e-08  1.97031382e-18 
 1.60000000e-01  1.60000000e-01  9.00000000e-01 -4.92003447e-03  4.92004711e-03  1.15241951e-09 -1.37922197e-08  1.80242655e-19 
 1.70000000e-01  1.70000000e-01  9.00000000e-01 -5.14408691e-03  5.14409945e-03  1.17267920e-09 -1.37160112e-08  1.72199213e-18 
 1.80000000e-01  1.80000000e-01  9.00000000e-01 -5.35881614e-03  5.35882859e-03  1.19329388e-09 -1.36441238e-08  3.05923464e-18 
 1.90000000e-01  1.90000000e-01  9.00000000e-01 -5.56424223e-03  5.56425459e-03  1.21427033e-09 -1.35764907e-08  4.98136230e-19 
 2.00000000e-01  2.00000000e-01  9.00000000e-01 -5.76037128e-03  5.76038355e-03  1.23561562e-09 -1.35130578e-08  1.56667057e-18 
 2.10000000e-01  2.10000000e-01  9.00000000e-01 -5.94719760e-03  5.94720980e-03  1.25733703e-09 -1.34537842e-08  1.70668102e-18 
 2.20000000e-01  2.20000000e-01  9.00000000e-01 -6.12470779e-03  6.12471991e-03  1.27944209e-09 -1.33986416e-08  1.42922768e-18 
 2.30000000e-01  2.30000000e-01  9.00000000e-01 -6.29288721e-03  6.29289926e-03  1.30193860e-09 -1.33476130e-08  2.24235222e-19 
 2.40000000e-01  2.40000000e-01  9.00000000e-01 -6.45172967e-03  6.45174164e-03  1.32483453e-09 -1.33006911e-08  3.71636533e-19 
 2.50000000e-01  2.50000000e-01  9.00000000e-01 -6.60125038e-03  6.60126229e-03  1.34813807e-09 -1.32578751e-08  1.92727747e-18 
 2.60000000e-01  2.60000000e-01  9.00000000e-01 -6.74150220e-03  6.74151405e-03  1.37185747e-09 -1.32191658e-08  1.44271404e-18 
 2.70000000e-01  2.70000000e-01  9.00000000e-01 -6.87259385e-03  6.87260564e-03  1.39600100e-09 -1.31845606e-08  2.62848220e-19 
 2.80000000e-01  2.80000000e-01  9.00000000e-01 -6.99470784e-03  6.99471958e-03  1.42057682e-09 -1.31540463e-08  6.79784679e-19 
 2.90000000e-01  2.90000000e-01  9.00000000e-01 -7.10811497e-03  7.10812665e-03  1.44559289e-09 -1.31275925e-08  1.37372056e-18 
 3.00000000e-01  3.00000000e-01  9.00000000e-01 -7.21318171e-03  7.21319334e-03  1.47105683e-09 -1.31051468e-08  1.59451760e-18 
 3.10000000e-01  3.10000000e-01  9.00000000e-01 -7.31036791e-03  7.31037950e-03  1.49697590e-09 -1.30866308e-08  2.78259257e-18 
 3.20000000e-01  3.20000000e-01  9.00000000e-01 -7.40021399e-03  7.40022553e-03  1.52335696e-09 -1.30719406e-08  6.83009029e-19 
 3.30000000e-01  3.30000000e-01  9.00000000e-01 -7.48331938e-03  7.48333089e-03  1.55020651e-09 -1.30609489e-08  3.19671806e-18 
 3.40000000e-01  3.40000000e-01  9.00000000e-01 -7.56031601e-03  7.56032748e-03  1.57753081e-09 -1.30535103e-08  5.55894323e-19 
 3.50000000e-01  3.50000000e-01  9.00000000e-01 -7.63184122e-03  7.63185266e-03  1.60533593e-09 -1.30494679e-08  1.25535866e-18 
 3.60000000e-01  3.60000000e-01  9.00000000e-01 -7.69851400e-03  7.69852542e-03  1.63362789e-09 -1.30486595e-08  1.00853583e-19 
 3.70000000e-01  3.70000000e-01  9.00000000e-01 -7.76091689e-03  7.76092827e-03  1.66241276e-09 -1.30509237e-08  4.64139314e-20 
 3.80000000e-01  3.80000000e-01  9.00000000e-01 -7.81958424e-03  7.81959560e-03  1.69169676e-09 -1.30561039e-08  1.63957703e-18 
 3.90000000e-01  3.90000000e-01  9.00000000e-01 -7.87499639e-03  7.87500773e-03  1.72148627e-09 -1.30640517e-08  5.82453852e-19 
 4.00000000e-01  4.00000000e-01  9.00000000e-01 -7.92757839e-03  7.92758971e-03  1.75178791e-09 -1.30746286e-08  2.54950548e-18 
 4.10000000e-01  4.10000000e-01  9.00000000e-01 -7.97770200e-03  7.97771330e-03  1.78260855e-09 -1.30877067e-08  1.30973814e-18 
 4.20000000e-01  4.20000000e-01  9.00000000e-01 -8.02568969e-03  8.02570098e-03  1.81395530e-09 -1.31031690e-08  1.92438276e-18 
 4.30000000e-01  4.30000000e-01  9.00000000e-01 -8.07181957e-03  8.07183085e-03  1.84583554e-09 -1.31209087e-08  2.63830125e-18 
 4.40000000e-01  4.40000000e-01  9.00000000e-01 -8.11633067e-03  8.11634194e-03  1.87825690e-09 -1.31408288e-08  2.83107486e-18 
 4.50000000e-01  4.50000000e-01  9.00000000e-01 -8.15942806e-03  8.15943931e-03  1.91122722e-09 -1.31628411e-08  1.77044775e-19 
 4.60000000e-01  4.60000000e-01  9.00000000e-01 -8.20128758e-03  8.20129883e-03  1.94475459e-09 -1.31868654e-08  3.01413035e-18 
 4.70000000e-01  4.70000000e-01  9.00000000e-01 -8.24206013e-03  8.24207137e-03  1.97884732e-09 -1.32128289e-08  3.81009234e-18 
 4.80000000e-01  4.80000000e-01  9.00000000e-01 -8.28187534e-03  8.28188657e-03  2.01351392e-09 -1.32406651e-08  1.73143667e-18 
 4.90000000e-01  4.90000000e-01  9.00000000e-01 -8.32084481e-03  8.32085603e-03  2.04876310e-09 -1.32703133e-08  7.37952226e-19 
 5.00000000e-01  5.00000000e-01  9.00000000e-01 -8.35906482e-03  8.35907604e-03  2.08460378e-09 -1.33017179e-08  3.19775328e-18 
 5.10000000e-01  5.10000000e-01  9.00000000e-01 -8.39661869e-03  8.39662990e-03  2.12104504e-09 -1.33348282e-08  1.09812859e-18 
 5.20000000e-01  5.20000000e-01  9.00000000e-01 -8.43357867e-03  8.43358988e-03  2.15809617e-09 -1.33695975e-08  2.34643595e-18 
 5.30000000e-01  5.30000000e-01  9.00000000e-01 -8.47000765e-03  8.47001886e-03  2.19576663e-09 -1.34059827e-08  8.35595521e-19 
 5.40000000e-01  5.40000000e-01  9.00000000e-01 -8.50596051e-03  8.50597172e-03  2.23406605e-09 -1.34439443e-08  4.36999766e-18 
 5.50000000e-01  5.50000000e-01  9.00000000e-01 -8.54148531e-03  8.54149652e-03  2.27300423e-09 -1.34834460e-08  3.89442423e-19 
 5.60000000e-01  5.60000000e-01  9.00000000e-01 -8.57662423e-03  8.57663544e-03  2.31259117e-09 -1.35244541e-08  4.01708394e-18 
 5.70000000e-01  5.70000000e-01  9.00000000e-01 -8.61141442e-03  8.61142563e-03  2.35283700e-09 -1.35669377e-08  3.90770172e-18 
 5.80000000e-01  5.80000000e-01  9.00000000e-01 -8.64588872e-03  8.64589994e-03  2.39375204e-09 -1.36108681e-08  3.01986767e-18 
 5.90000000e-01  5.90000000e-01  9.00000000e-01 -8.68007620e-03  8.68008742e-03  2.43534679e-09 -1.36562189e-08  2.00295292e-18 
 6.00000000e-01  6.00000000e-01  9.00000000e-01 -8.71400270e-03  8.71401393e-03  2.47763191e-09 -1.37029660e-08  4.80404166e-19 
 6.10000000e-01  6.10000000e-01  9.00000000e-01 -8.74769124e-03  8.74770247e-03  2.52061821e-09 -1.37510869e-08  2.00032786e-18 
 6.20000000e-01  6.20000000e-01  9.00000000e-01 -8.78116237e-03  8.78117361e-03  2.56431671e-09 -1.38005610e-08  4.89298425e-19 
 6.30000000e-01  6.30000000e-01  9.00000000e-01 -8.81443451e-03  8.81444576e-03  2.60873856e-09 -1.38513695e-08  2.52252616e-18 
 6.40000000e-01  6.40000000e-01  9.00000000e-01 -8.84752419e-03  8.84753544e-03  2.65389510e-09 -1.39034952e-08  4.73651891e-19 
 6.50000000e-01  6.50000000e-01  9.00000000e-01 -8.88044628e-03  8.88045753e-03  2.69979785e-09 -1.39569223e-08  5.00223000e-18 
 6.60000000e-01  6.60000000e-01  9.00000000e-01 -8.91321420e-03  8.91322547e-03  2.74645850e-09 -1.40116365e-08  1.38607801e-18 
 6.70000000e-01  6.70000000e-01  9.00000000e-01 -8.94584010e-03  8.94585137e-03  2.79388889e-09 -1.40676250e-08  1.00904951e-18 
 6.80000000e-01  6.80000000e-01  9.00000000e-01 -8.97833496e-03  8.97834624e-03  2.84210108e-09 -1.41248761e-08  3.41980784e-18 
 6.90000000e-01  6.90000000e-01  9.00000000e-01 -9.01070878e-03  9.01072007e-03  2.89110728e-09 -1.41833793e-08  2.93971718e-18 
 7.00000000e-01  7.00000000e-01  9.00000000e-01 -9.04297065e-03  9.04298196e-03  2.94091988e-09 -1.42431256e-08  3.52907633e-18 
 7.10000000e-01  7.10000000e-01  9.00000000e-01 -9.07512887e-03  9.07514019e-03  2.99155146e-09 -1.43041069e-08  2.33075426e-18 
 7.20000000e-01  7.20000000e-01  9.00000000e-01 -9.10719103e-03  9.10720235e-03  3.04301478e-09 -1.43663163e-08  3.26131590e-18 
 7.30000000e-01  7.30000000e-01  9.00000000e-01 -9.13916407e-03  9.13917540e-03  3.09532278e-09 -1.44297479e-08  4.84304240e-18 
 7.40000000e-01  7.40000000e-01  9.00000000e-01 -9.17105439e-03  9.17106573e-03  3.14848860e-09 -1.44943967e-08  1.18481877e-18 
 7.50000000e-01  7.50000000e-01  9.00000000e-01 -9.20286787e-03  9.20287923e-03  3.20252555e-09 -1.45602589e-08  4.41125949e-18 
 7.60000000e-01  7.60000000e-01  9.00000000e-01 -9.23460997e-03  9.23462134e-03  3.25744714e-09 -1.46273316e-08  4.06947219e-18 
 7.70000000e-01  7.70000000e-01  9.00000000e-01 -9.26628572e-03  9.26629710e-03  3.31326707e-09 -1.46956127e-08  8.32094065e-19 
 7.80000000e-01  7.80000000e-01  9.00000000e-01 -9.29789982e-03  9.29791121e-03  3.36999925e-09 -1.47651011e-08  2.65945846e-18 
 7.90000000e-01  7.90000000e-01  9.00000000e-01 -9.32945665e-03  9.32946806e-03  3.42765776e-09 -1.48357964e-08  1.33340646e-18 
 8.00000000e-01  8.00000000e-01  9.00000000e-01 -9.36096033e-03  9.36097175e-03  3.48625689e-09 -1.49076992e-08  3.00784874e-18 
 8.10000000e-01  8.10000000e-01  9.00000000e-01 -9.39241473e-03  9.39242616e-03  3.54581114e-09 -1.49808109e-08  2.13786815e-18 
 8.20000000e-01  8.20000000e-01  9.00000000e-01 -9.42382353e-03  9.42383498e-03  3.60633519e-09 -1.50551336e-08  2.49792580e-18 
 8.30000000e-01  8.30000000e-01  9.00000000e-01 -9.45519024e-03  9.45520170e-03  3.66784394e-09 -1.51306702e-08  8.74466889e-18 
 8.40000000e-01  8.40000000e-01  9.00000000e-01 -9.48651822e-03  9.48652969e-03  3.73035251e-09 -1.52074244e-08  1.44880932e-18 
 8.50000000e-01  8.50000000e-01  9.00000000e-01 -9.51781070e-03  9.51782220e-03  3.79387619e-09 -1.52854007e-08  6.66866227e-18 
 8.60000000e-01  8.60000000e-01  9.00000000e-01 -9.54907087e-03  9.54908237e-03  3.85843051e-09 -1.53646045e-08  2.81261426e-18 
 8.70000000e-01  8.70000000e-01  9.00000000e-01 -9.58030179e-03  9.58031332e-03  3.92403122e-09 -1.54450424e-08  3.50192041e-18 
 8.80000000e-01  8.80000000e-01  9.00000000e-01 -9.61150654e-03  9.61151808e-03  3.99069425e-09 -1.55267231e-08  1.82311434e-18 
 8.90000000e-01  8.90000000e-01  9.00000000e-01 -9.64268815e-03  9.64269970e-03  4.05843579e-09 -1.56096530e-08  3.69495872e-18 
 9.00000000e-01  9.00000000e-01  9.00000000e-01 -9.67384966e-03  9.67386123e-03  4.12727221e-09 -1.56937627e-08  2.91695234e-18 
 9.10000000e-01  9.10000000e-01  9.00000000e-01 -9.70499414e-03  9.70500572e-03  4.19722012e-09 -1.57789395e-08  1.86812207e-18 
 9.20000000e-01  9.20000000e-01  9.00000000e-01 -9.73612470e-03  9.73613629e-03  4.26829636e-09 -1.58651569e-08  1.07962455e-18 
 9.30000000e-01  9.30000000e-01  9.00000000e-01 -9.76724451e-03  9.76725612e-03  4.34051799e-09 -1.59524168e-08  2.42029490e-18 
 9.40000000e-01  9.40000000e-01  9.00000000e-01 -9.79835684e-03  9.79836846e-03  4.41390229e-09 -1.60407255e-08  2.01955485e-18 
 9.50000000e-01  9.50000000e-01  9.00000000e-01 -9.82946504e-03  9.82947668e-03  4.48846678e-09 -1.61300898e-08  2.09864655e-18 
 9.60000000e-01  9.60000000e-01  9.00000000e-01 -9.86057258e-03  9.86058424e-03  4.56422921e-09 -1.62205168e-08  2.26124958e-18 
 9.70000000e-01  9.70000000e-01  9.00000000e-01 -9.89168309e-03  9.89169476e-03  4.64120757e-09 -1.63120135e-08  1.90442454e-18 
 9.80000000e-01  9.80000000e-01  9.00000000e-01 -9.92280031e-03  9.92281199e-03  4.71942007e-09 -1.64045866e-08  2.96012372e-18 
 9.90000000e-01  9.90000000e-01  9.00000000e-01 -9.95392816e-03  9.95393986e-03  4.79888518e-09 -1.64982429e-08  1.50922494e-18 
 1.00000000e+00  1.00000000e+00  9.00000000e-01 -9.98507073e-03  9.98508245e-03  4.87962160e-09 -1.65929885e-08  2.92228104e-18 
 1.01000000e+00  1.01000000e+00  9.00000000e-01 -1.00162323e-02  1.00162440e-02  4.96164827e-09 -1.66888298e-08  2.76353102e-18 
 1.02000000e+00  1.02000000e+00  9.00000000e-01 -1.00474174e-02  1.00474291e-02  5.04498438e-09 -1.67857724e-08  4.00365343e-19 
 1.03000000e+00  1.03000000e+00  9.00000000e-01 -1.00786306e-02  1.00786424e-02  5.12964938e-09 -1.68838219e-08  2.17629565e-19 
 1.04000000e+00  1.04000000e+00  9.00000000e-01 -1.01098770e-02  1.01098888e-02  5.21566296e-09 -1.69829836e-08  5.11508638e-19 
 1.05000000e+00  1.05000000e+00  9.00000000e-01 -1.01411616e-02  1.01411734e-02  5.30304505e-09 -1.70832622e-08  2.35031873e-18 
 1.06000000e+00  1.06000000e+00  9.00000000e-01 -1.01724898e-02  1.01725016e-02  5.39181585e-09 -1.71846623e-08  7.75938428e-19 
 1.07000000e+00  1.07000000e+00  9.00000000e-01 -1.02038674e-02  1.02038792e-02  5.48199582e-09 -1.72871879e-08  5.87182430e-20 
 1.08000000e+00  1.08000000e+00  9.00000000e-01 -1.02353001e-02  1.02353119e-02  5.57360568e-09 -1.73908428e-08  9.94724391e-19 
 1.09000000e+00  1.09000000e+00  9.00000000e-01 -1.02667941e-02  1.02668059e-02  5.66666638e-09 -1.74956303e-08  1.19529584e-18 
 1.10000000e+00  1.10000000e+00  9.00000000e-01 -1.02983558e-02  1.02983677e-02  5.76119918e-09 -1.76015532e-08  8.86358768e-19 
 1.11000000e+00  1.11000000e+00  9.00000000e-01 -1.03299920e-02  1.03300039e-02  5.85722558e-09 -1.77086137e-08  3.81110729e-18 
 1.12000000e+00  1.12000000e+00  9.00000000e-01 -1.03617096e-02  1.03617215e-02  5.95476734e-09 -1.78168138e-08  4.99854904e-18 
 1.13000000e+00  1.13000000e+00  9.00000000e-01 -1.03935159e-02  1.03935278e-02  6.05384651e-09 -1.79261547e-08  4.95843492e-19 
 1.14000000e+00  1.14000000e+00  9.00000000e-01 -1.04254184e-02  1.04254303e-02  6.15448541e-09 -1.80366372e-08  2.79964241e-19 
 1.15000000e+00  1.15000000e+00  9.00000000e-01 -1.04574249e-02  1.04574368e-02  6.25670661e-09 -1.81482614e-08  3.64007446e-19 
 1.16000000e+00  1.16000000e+00  9.00000000e-01 -1.04895436e-02  1.04895555e-02  6.36053299e-09 -1.82610269e-08  3.47339757e-19 
 1.17000000e+00  1.17000000e+00  9.00000000e-01 -1.05217828e-02  1.05217947e-02  6.46598768e-09 -1.83749325e-08  1.65323378e-18 
 1.18000000e+00  1.18000000e+00  9.00000000e-01 -1.05541513e-02  1.05541632e-02  6.57309412e-09 -1.84899764e-08  7.81824645e-19 
 1.19000000e+00  1.19000000e+00  9.00000000e-01 -1.05866579e-02  1.05866698e-02  6.68187600e-09 -1.86061562e-08  3.64575554e-18 
 1.20000000e+00  1.20000000e+00  9.00000000e-01 -1.06193120e-02  1.06193240e-02  6.79235732e-09 -1.87234686e-08  3.68636597e-18 
 0.00000000e+00  0.00000000e+00  1.00000000e+00  1.17533044e-08  1.17533044e-08  4.47112024e-09 -2.79777290e-08  2.28639504e-18 
 1.00000000e-02  1.00000000e-02  1.00000000e+00 -4.03758343e-04  4.03781627e-04  4.54753293e-09 -2.78318548e-08  2.95862735e-18 
 2.00000000e-02  2.00000000e-02  1.00000000e+00 -7.97631873e-04  7.97654903e-04  4.62520208e-09 -2.76559222e-08  1.16397795e-18 
 3.00000000e-02  3.00000000e-02  1.00000000e+00 -1.18172475e-03  1.18174753e-03  4.70414727e-09 -2.74818427e-08  1.65312376e-18 
 4.00000000e-02  4.00000000e-02  1.00000000e+00 -1.55615669e-03  1.55617923e-03  4.78438835e-09 -2.73184790e-08  1.67822869e-18 
 5.00000000e-02  5.00000000e-02  1.00000000e+00 -1.92104844e-03  1.92107074e-03  4.86594543e-09 -2.71661780e-08  3.81434487e-19 
 6.00000000e-02  6.00000000e-02  1.00000000e+00 -2.27651990e-03  2.27654198e-03  4.94883881e-09 -2.70242849e-08  3.13758540e-18 
 7.00000000e-02  7.00000000e-02  1.00000000e+00 -2.62268885e-03  2.62271071e-03  5.03308907e-09 -2.68921954e-08  4.45337498e-19 
 8.00000000e-02  8.00000000e-02  1.00000000e+00 -2.95966996e-03  2.95969161e-03  5.11871706e-09 -2.67694349e-08  1.73108223e-18 
 9.00000000e-02  9.00000000e-02  1.00000000e+00 -3.28757402e-03  3.28759547e-03  5.20574389e-09 -2.66556260e-08  2.83557845e-18 
 1.00000000e-01  1.00000000e-01  1.00000000e+00 -3.60650727e-03  3.60652852e-03  5.29419098e-09 -2.65504566e-08  2.99973244e-18 
 1.10000000e-01  1.10000000e-01  1.00000000e+00 -3.91657078e-03  3.91659185e-03  5.38408004e-09 -2.64536599e-08  1.48378418e-18 
 1.20000000e-01  1.20000000e-01  1.00000000e+00 -4.21785986e-03  4.21788075e-03  5.47543308e-09 -2.63650016e-08  5.28920790e-19 
 1.30000000e-01  1.30000000e-01  1.00000000e+00 -4.51046346e-03  4.51048417e-03  5.56827244e-09 -2.62842726e-08  2.05024904e-18 
 1.40000000e-01  1.40000000e-01  1.00000000e+00 -4.79446351e-03  4.79448406e-03  5.66262079e-09 -2.62112839e-08  2.86517993e-19 
 1.50000000e-01  1.50000000e-01  1.00000000e+00 -5.06993430e-03  5.06995469e-03  5.75850111e-09 -2.61458639e-08  1.86552968e-18 
 1.60000000e-01  1.60000000e-01  1.00000000e+00 -5.33694171e-03  5.33696194e-03  5.85593675e-09 -2.60878570e-08  1.01095367e-18 
 1.70000000e-01  1.70000000e-01  1.00000000e+00 -5.59554243e-03  5.59556251e-03  5.95495140e-09 -2.60371220e-08  1.05604329e-18 
 1.80000000e-01  1.80000000e-01  1.00000000e+00 -5.84578321e-03  5.84580314e-03  6.05556914e-09 -2.59935320e-08  1.14723913e-18 
 1.90000000e-01  1.90000000e-01  1.00000000e+00 -6.08769993e-03  6.08771973e-03  6.15781440e-09 -2.59569742e-08  5.98446975e-19 
 2.00000000e-01  2.00000000e-01  1.00000000e+00 -6.32131686e-03  6.32133652e-03  6.26171204e-09 -2.59273500e-08  2.99948594e-18 
 2.10000000e-01  2.10000000e-01  1.00000000e+00 -6.54664590e-03  6.54666544e-03  6.36728730e-09 -2.59045754e-08  1.66610471e-18 
 2.20000000e-01  2.20000000e-01  1.00000000e+00 -6.76368608e-03  6.76370549e-03  6.47456587e-09 -2.58885813e-08  1.17050193e-18 
 2.30000000e-01  2.30000000e-01  1.00000000e+00 -6.97242339e-03  6.97244269e-03  6.58357385e-09 -2.58793142e-08  1.03726960e-18 
 2.40000000e-01  2.40000000e-01  1.00000000e+00 -7.17283122e-03  7.17285040e-03  6.69433783e-09 -2.58767362e-08  3.63432555e-19 
 2.50000000e-01  2.50000000e-01  1.00000000e+00 -7.36487168e-03  7.36489076e-03  6.80688483e-09 -2.58808256e-08  6.02213956e-19 
 2.60000000e-01  2.60000000e-01  1.00000000e+00 -7.54849826e-03  7.54851723e-03  6.92124237e-09 -2.58915763e-08  2.69955770e-18 
 2.70000000e-01  2.70000000e-01  1.00000000e+00 -7.72366010e-03  7.72367898e-03  7.03743842e-09 -2.59089970e-08  1.87662466e-19 
 2.80000000e-01  2.80000000e-01  1.00000000e+00 -7.89030857e-03  7.89032735e-03  7.15550140e-09 -2.59331091e-08  4.32498662e-18 
 2.90000000e-01  2.90000000e-01  1.00000000e+00 -8.04840625e-03  8.04842494e-03  7.27546015e-09 -2.59639442e-08  4.05297572e-18 
 3.00000000e-01  3.00000000e-01  1.00000000e+00 -8.19793858e-03  8.19795719e-03  7.39734387e-09 -2.60015385e-08  4.12269133e-18 
 3.10000000e-01  3.10000000e-01  1.00000000e+00 -8.33892765e-03  8.33894618e-03  7.52118206e-09 -2.60459277e-08  1.18732513e-18 
 3.20000000e-01  3.20000000e-01  1.00000000e+00 -8.47144706e-03  8.47146551e-03  7.64700441e-09 -2.60971391e-08  3.88080056e-19 
 3.30000000e-01  3.30000000e-01  1.00000000e+00 -8.59563607e-03  8.59565445e-03  7.77484070e-09 -2.61551840e-08  4.22254196e-18 
 3.40000000e-01  3.40000000e-01  1.00000000e+00 -8.71171061e-03  8.71172893e-03  7.90472074e-09 -2.62200499e-08  7.36561322e-19 
 3.50000000e-01  3.50000000e-01  1.00000000e+00 -8.81996877e-03  8.81998703e-03  8.03667422e-09 -2.62916946e-08  1.72036693e-18 
 3.60000000e-01  3.60000000e-01  1.00000000e+00 -8.92078898e-03  8.92080718e-03  8.17073072e-09 -2.63700430e-08  7.69646892e-18 
 3.70000000e-01  3.70000000e-01  1.00000000e+00 -9.01462046e-03  9.01463861e-03  8.30691966e-09 -2.64549865e-08  1.60972325e-18 
 3.80000000e-01  3.80000000e-01  1.00000000e+00 -9.10196714e-03  9.10198524e-03  8.44527038e-09 -2.65463870e-08  2.75899972e-18 
 3.90000000e-01  3.90000000e-01  1.00000000e+00 -9.18336744e-03  9.18338550e-03  8.58581216e-09 -2.66440823e-08  4.27870752e-18 
 4.00000000e-01  4.00000000e-01  1.00000000e+00 -9.25937304e-03  9.25939106e-03  8.72857439e-09 -2.67478937e-08  1.45285010e-18 
 4.10000000e-01  4.10000000e-01  1.00000000e+00 -9.33052925e-03  9.33054723e-03  8.87358657e-09 -2.68576340e-08  1.37039012e-18 
 4.20000000e-01  4.20000000e-01  1.00000000e+00 -9.39735913e-03  9.39737708e-03  9.02087851e-09 -2.69731142e-08  3.62690574e-19 
 4.30000000e-01  4.30000000e-01  1.00000000e+00 -9.46035199e-03  9.46036991e-03  9.17048035e-09 -2.70941499e-08  4.94263908e-18 
 4.40000000e-01  4.40000000e-01  1.00000000e+00 -9.51995643e-03  9.51997433e-03  9.32242263e-09 -2.72205655e-08  6.27408223e-19 
 4.50000000e-01  4.50000000e-01  1.00000000e+00 -9.57657716e-03  9.57659503e-03  9.47673636e-09 -2.73521967e-08  1.49868749e-18 
 4.60000000e-01  4.60000000e-01  1.00000000e+00 -9.63057478e-03  9.63059263e-03  9.63345301e-09 -2.74888925e-08  7.32817503e-19 
 4.70000000e-01  4.70000000e-01  1.00000000e+00 -9.68226759e-03  9.68228543e-03  9.79260456e-09 -2.76305157e-08  8.01131041e-19 
 4.80000000e-01  4.80000000e-01  1.00000000e+00 -9.73193467e-03  9.73195249e-03  9.95422349e-09 -2.77769424e-08  6.27303998e-19 
 4.90000000e-01  4.90000000e-01  1.00000000e+00 -9.77981951e-03  9.77983732e-03  1.01183427e-08 -2.79280621e-08  1.59678945e-20 
 5.00000000e-01  5.00000000e-01  1.00000000e+00 -9.82613400e-03  9.82615180e-03  1.02849958e-08 -2.80837762e-08  2.82064288e-18 
 5.10000000e-01  5.10000000e-01  1.00000000e+00 -9.87106214e-03  9.87107993e-03  1.04542166e-08 -2.82439976e-08  2.42691648e-18 
 5.20000000e-01  5.20000000e-01  1.00000000e+00 -9.91476370e-03  9.91478148e-03  1.06260395e-08 -2.84086493e-08  1.26646977e-18 
 5.30000000e-01  5.30000000e-01  1.00000000e+00 -9.95737740e-03  9.95739518e-03  1.08004994e-08 -2.85776636e-08  1.72740293e-18 
 5.40000000e-01  5.40000000e-01  1.00000000e+00 -9.99902385e-03  9.99904162e-03  1.09776317e-08 -2.87509811e-08  6.51844792e-19 
 5.50000000e-01  5.50000000e-01  1.00000000e+00 -1.00398080e-02  1.00398258e-02  1.11574722e-08 -2.89285502e-08  1.29695303e-19 
 5.60000000e-01  5.60000000e-01  1.00000000e+00 -1.00798215e-02  1.00798392e-02  1.13400570e-08 -2.91103259e-08  3.39475254e-18 
 5.70000000e-01  5.70000000e-01  1.00000000e+00 -1.01191442e-02  1.01191620e-02  1.15254228e-08 -2.92962695e-08  5.47295780e-19 
 5.80000000e-01  5.80000000e-01  1.00000000e+00 -1.01578464e-02  1.01578641e-02  1.17136067e-08 -2.94863476e-08  8.37229203e-19 
 5.90000000e-01  5.90000000e-01  1.00000000e+00 -1.01959894e-02  1.01960072e-02  1.19046462e-08 -2.96805322e-08  2.56079236e-18 
 6.00000000e-01  6.00000000e-01  1.00000000e+00 -1.02336277e-02  1.02336454e-02  1.20985793e-08 -2.98787996e-08  3.47071088e-18 
 6.10000000e-01  6.10000000e-01  1.00000000e+00 -1.02708089e-02  1.02708267e-02  1.22954443e-08 -3.00811305e-08  1.57909110e-18 
 6.20000000e-01  6.20000000e-01  1.00000000e+00 -1.03075754e-02  1.03075932e-02  1.24952801e-08 -3.02875094e-08  2.66069592e-18 
 6.30000000e-01  6.30000000e-01  1.00000000e+00 -1.03439647e-02  1.03439825e-02  1.26981257e-08 -3.04979244e-08  6.68277563e-19 
 6.40000000e-01  6.40000000e-01  1.00000000e+00 -1.03800103e-02  1.03800282e-02  1.29040209e-08 -3.07123667e-08  1.13702924e-18 
 6.50000000e-01  6.50000000e-01  1.00000000e+00 -1.04157420e-02  1.04157598e-02  1.31130057e-08 -3.09308309e-08  1.69258855e-18 
 6.60000000e-01  6.60000000e-01  1.00000000e+00 -1.04511863e-02  1.04512042e-02  1.33251204e-08 -3.11533141e-08  3.47132300e-18 
 6.70000000e-01  6.70000000e-01  1.00000000e+00 -1.04863672e-02  1.04863851e-02  1.35404060e-08 -3.13798162e-08  1.92567977e-18 
 6.80000000e-01  6.80000000e-01  1.00000000e+00 -1.05213061e-02  1.05213239e-02  1.37589037e-08 -3.16103397e-08  1.01287439e-18 
 6.90000000e-01  6.90000000e-01  1.00000000e+00 -1.05560222e-02  1.05560401e-02  1.39806552e-08 -3.18448893e-08  4.55452263e-19 
 7.00000000e-01  7.00000000e-01  1.00000000e+00 -1.05905330e-02  1.05905509e-02  1.42057025e-08 -3.20834721e-08  2.09694587e-18 
 7.10000000e-01  7.10000000e-01  1.00000000e+00 -1.06248543e-02  1.06248722e-02  1.44340883e-08 -3.23260971e-08  1.23910498e-18 
 7.20000000e-01  7.20000000e-01  1.00000000e+00 -1.06590002e-02  1.06590181e-02  1.46658553e-08 -3.25727755e-08  4.40788005e-20 
 7.30000000e-01  7.30000000e-01  1.00000000e+00 -1.06929839e-02  1.06930018e-02  1.49010470e-08 -3.28235202e-08  4.02315173e-18 
 7.40000000e-01  7.40000000e-01  1.00000000e+00 -1.07268169e-02  1.07268349e-02  1.51397070e-08 -3.30783462e-08  2.25727001e-18 
 7.50000000e-01  7.50000000e-01  1.00000000e+00 -1.07605103e-02  1.07605282e-02  1.53818794e-08 -3.33372700e-08  3.47561441e-19 
 7.60000000e-01  7.60000000e-01  1.00000000e+00 -1.07940737e-02  1.07940916e-02  1.56276090e-08 -3.36003099e-08  1.39675733e-18 
 7.70000000e-01  7.70000000e-01  1.00000000e+00 -1.08275161e-02  1.08275341e-02  1.58769405e-08 -3.38674856e-08  2.51666724e-18 
 7.80000000e-01  7.80000000e-01  1.00000000e+00 -1.08608460e-02  1.08608640e-02  1.61299194e-08 -3.41388187e-08  1.79666276e-18 
 7.90000000e-01  7.90000000e-01  1.00000000e+00 -1.08940708e-02  1.08940888e-02  1.63865915e-08 -3.44143319e-08  1.01605572e-18 
 8.00000000e-01  8.00000000e-01  1.00000000e+00 -1.09271976e-02  1.09272157e-02  1.66470029e-08 -3.46940496e-08  4.55034702e-18 
 8.10000000e-01  8.10000000e-01  1.00000000e+00 -1.09602330e-02  1.09602510e-02  1.69112004e-08 -3.49779974e-08  2.40664560e-18 
 8.20000000e-01  8.20000000e-01  1.00000000e+00 -1.09931829e-02  1.09932009e-02  1.71792308e-08 -3.52662025e-08  2.33843297e-18 
 8.30000000e-01  8.30000000e-01  1.00000000e+00 -1.10260530e-02  1.10260711e-02  1.74511417e-08 -3.55586929e-08  3.71083149e-19 
 8.40000000e-01  8.40000000e-01  1.00000000e+00 -1.10588485e-02  1.10588667e-02  1.77269808e-08 -3.58554984e-08  6.59924693e-20 
 8.50000000e-01  8.50000000e-01  1.00000000e+00 -1.10915745e-02  1.10915927e-02  1.80067965e-08 -3.61566497e-08  6.07944663e-19 
 8.60000000e-01  8.60000000e-01  1.00000000e+00 -1.11242356e-02  1.11242538e-02  1.82906374e-08 -3.64621787e-08  5.52748555e-19 
 8.70000000e-01  8.70000000e-01  1.00000000e+00 -1.11568362e-02  1.11568544e-02  1.85785525e-08 -3.67721185e-08  5.09755016e-18 
 8.80000000e-01  8.80000000e-01  1.00000000e+00 -1.11893806e-02  1.11893988e-02  1.88705913e-08 -3.70865034e-08  3.91341464e-18 
 8.90000000e-01  8.90000000e-01  1.00000000e+00 -1.12218728e-02  1.12218910e-02  1.91668038e-08 -3.74053684e-08  6.57701231e-19 
 9.00000000e-01  9.00000000e-01  1.00000000e+00 -1.12543167e-02  1.12543350e-02  1.94672403e-08 -3.77287501e-08  4.39596865e-20 
 9.10000000e-01  9.10000000e-01  1.00000000e+00 -1.12867162e-02  1.12867345e-02  1.97719513e-08 -3.80566858e-08  2.96441679e-19 
 9.20000000e-01  9.20000000e-01  1.00000000e+00 -1.13190751e-02  1.13190934e-02  2.00809881e-08 -3.83892138e-08  2.89439761e-18 
 9.30000000e-01  9.30000000e-01  1.00000000e+00 -1.13513970e-02  1.13514153e-02  2.03944022e-08 -3.87263734e-08  4.10863919e-19 
 9.40000000e-01  9.40000000e-01  1.00000000e+00 -1.13836856e-02  1.13837039e-02  2.07122455e-08 -3.90682051e-08  1.30603547e-18 
 9.50000000e-01  9.50000000e-01  1.00000000e+00 -1.14159446e-02  1.14159629e-02  2.10345703e-08 -3.94147501e-08  4.69440879e-18 
 9.60000000e-01  9.60000000e-01  1.00000000e+00 -1.14481776e-02  1.14481960e-02  2.13614294e-08 -3.97660509e-08  2.29179322e-18 
 9.70000000e-01  9.70000000e-01  1.00000000e+00 -1.14803886e-02  1.14804070e-02  2.16928758e-08 -4.01221514e-08  5.00090237e-18 
 9.80000000e-01  9.80000000e-01  1.00000000e+00 -1.15125812e-02  1.15125997e-02  2.20289632e-08 -4.04830977e-08  2.07294770e-18 
 9.90000000e-01  9.90000000e-01  1.00000000e+00 -1.15447595e-02  1.15447780e-02  2.23697455e-08 -4.08489339e-08  3.11447397e-18 
 1.00000000e+00  1.00000000e+00  1.00000000e+00 -1.15769274e-02  1.15769459e-02  2.27152770e-08 -4.12196283e-08  4.36054877e-18 
 1.01000000e+00  1.01000000e+00  1.00000000e+00 -1.16090892e-02  1.16091078e-02  2.30656125e-08 -4.15951061e-08  2.08814136e-18 
 1.02000000e+00  1.02000000e+00  1.00000000e+00 -1.16412492e-02  1.16412678e-02  2.34208071e-08 -4.19753793e-08  2.67791452e-19 
 1.03000000e+00  1.03000000e+00  1.00000000e+00 -1.16734119e-02  1.16734304e-02  2.37809163e-08 -4.23604881e-08  5.25996541e-18 
 1.04000000e+00  1.04000000e+00  1.00000000e+00 -1.17055819e-02  1.17056005e-02  2.41459961e-08 -4.27504772e-08  5.91526782e-19 
 1.05000000e+00  1.05000000e+00  1.00000000e+00 -1.17377642e-02  1.17377828e-02  2.45161027e-08 -4.31453922e-08  6.21080953e-18 
 1.06000000e+00  1.06000000e+00  1.00000000e+00 -1.17699638e-02  1.17699825e-02  2.48912930e-08 -4.35452791e-08  8.22942139e-19 
 1.07000000e+00  1.07000000e+00  1.00000000e+00 -1.18021862e-02  1.18022048e-02  2.52716240e-08 -4.39501838e-08  3.50963469e-18 
 1.08000000e+00  1.08000000e+00  1.00000000e+00 -1.18344368e-02  1.18344555e-02  2.56571532e-08 -4.43601524e-08  1.00995444e-19 
 1.09000000e+00  1.09000000e+00  1.00000000e+00 -1.18667215e-02  1.18667402e-02  2.60479385e-08 -4.47752308e-08  1.36620459e-18 
 1.10000000e+00  1.10000000e+00  1.00000000e+00 -1.18990465e-02  1.18990652e-02  2.64440381e-08 -4.51954648e-08  4.27144819e-18 
 1.11000000e+00  1.11000000e+00  1.00000000e+00 -1.19314180e-02  1.19314368e-02  2.68455107e-08 -4.56209003e-08  4.00027853e-19 
 1.12000000e+00  1.12000000e+00  1.00000000e+00 -1.19638428e-02  1.19638616e-02  2.72524154e-08 -4.60515828e-08  3.48664900e-18 
 1.13000000e+00  1.13000000e+00  1.00000000e+00 -1.19963277e-02  1.19963465e-02  2.76648115e-08 -4.64875578e-08  3.90387228e-18 
 1.14000000e+00  1.14000000e+00  1.00000000e+00 -1.20288801e-02  1.20288989e-02  2.80827588e-08 -4.69288705e-08  2.27430332e-18 
 1.15000000e+00  1.15000000e+00  1.00000000e+00 -1.20615074e-02  1.20615263e-02  2.85063176e-08 -4.73755659e-08  1.18411566e-18 
 1.16000000e+00  1.16000000e+00  1.00000000e+00 -1.20942176e-02  1.20942365e-02  2.89355482e-08 -4.78276888e-08  2.29428800e-18 
 1.17000000e+00  1.17000000e+00  1.00000000e+00 -1.21270189e-02  1.21270378e-02  2.93705118e-08 -4.82852838e-08  6.82668520e-18 
 1.18000000e+00  1.18000000e+00  1.00000000e+00 -1.21599196e-02  1.21599385e-02  2.98112694e-08 -4.87483951e-08  4.83239576e-18 
 1.19000000e+00  1.19000000e+00  1.00000000e+00 -1.21929286e-02  1.21929476e-02  3.02578829e-08 -4.92170666e-08  2.49799942e-18 
 1.20000000e+00  1.20000000e+00  1.00000000e+00 -1.22260551e-02  1.22260741e-02  3.07104141e-08 -4.96913418e-08  1.33160197e-18 
 0.00000000e+00  0.00000000e+00  1.10000000e+00  1.80838404e-08  1.80838404e-08  2.06491276e-08 -5.68168084e-08  1.64162926e-18 
 1.00000000e-02  1.00000000e-02  1.10000000e+00 -4.16719178e-04  4.16755023e-04  2.09759472e-08 -5.68206855e-08  1.19758216e-18 
 2.00000000e-02  2.00000000e-02  1.10000000e+00 -8.24593198e-04  8.24628670e-04  2.13074837e-08 -5.67790493e-08  1.66466459e-18 
 3.00000000e-02  3.00000000e-02  1.10000000e+00 -1.22369754e-03  1.22373264e-03  2.16437939e-08 -5.67419508e-08  2.18463032e-18 
 4.00000000e-02  4.00000000e-02  1.10000000e+00 -1.61412759e-03  1.61416233e-03  2.19849358e-08 -5.67231920e-08  3.36432222e-18 
 5.00000000e-02  5.00000000e-02  1.10000000e+00 -1.99597912e-03  1.99601351e-03  2.23309678e-08 -5.67233479e-08  6.42798084e-18 
 6.00000000e-02  6.00000000e-02  1.10000000e+00 -2.36934730e-03  2.36938136e-03  2.26819489e-08 -5.67414579e-08  1.77105987e-18 
 7.00000000e-02  7.00000000e-02  1.10000000e+00 -2.73432599e-03  2.73435973e-03  2.30379385e-08 -5.67766455e-08  6.12302250e-19 
 8.00000000e-02  8.00000000e-02  1.10000000e+00 -3.09100709e-03  3.09104052e-03  2.33989963e-08 -5.68282354e-08  3.80510361e-18 
 9.00000000e-02  9.00000000e-02  1.10000000e+00 -3.43948014e-03  3.43951328e-03  2.37651826e-08 -5.68957014e-08  1.70131861e-18 
 1.00000000e-01  1.00000000e-01  1.10000000e+00 -3.77983187e-03  3.77986471e-03  2.41365582e-08 -5.69786168e-08  7.11329005e-19 
 1.10000000e-01  1.10000000e-01  1.10000000e+00 -4.11214583e-03  4.11217839e-03  2.45131844e-08 -5.70766224e-08  4.99471506e-18 
 1.20000000e-01  1.20000000e-01  1.10000000e+00 -4.43650202e-03  4.43653432e-03  2.48951227e-08 -5.71894065e-08  2.39865834e-19 
 1.30000000e-01  1.30000000e-01  1.10000000e+00 -4.75297657e-03  4.75300861e-03  2.52824354e-08 -5.73166933e-08  1.00558693e-19 
 1.40000000e-01  1.40000000e-01  1.10000000e+00 -5.06164132e-03  5.06167310e-03  2.56751852e-08 -5.74582346e-08  4.85389583e-21 
 1.50000000e-01  1.50000000e-01  1.10000000e+00 -5.36256342e-03  5.36259496e-03  2.60734350e-08 -5.76138060e-08  3.51088539e-19 
 1.60000000e-01  1.60000000e-01  1.10000000e+00 -5.65580495e-03  5.65583625e-03  2.64772486e-08 -5.77832030e-08  3.80800867e-20 
 1.70000000e-01  1.70000000e-01  1.10000000e+00 -5.94142237e-03  5.94145345e-03  2.68866901e-08 -5.79662394e-08  1.44181882e-18 
 1.80000000e-01  1.80000000e-01  1.10000000e+00 -6.21946607e-03  6.21949693e-03  2.73018240e-08 -5.81627459e-08  1.15790397e-18 
 1.90000000e-01  1.90000000e-01  1.10000000e+00 -6.48997974e-03  6.49001039e-03  2.77227155e-08 -5.83725694e-08  1.22707943e-18 
 2.00000000e-01  2.00000000e-01  1.10000000e+00 -6.75299979e-03  6.75303024e-03  2.81494301e-08 -5.85955730e-08  4.49734790e-18 
 2.10000000e-01  2.10000000e-01  1.10000000e+00 -7.00855464e-03  7.00858489e-03  2.85820339e-08 -5.88316353e-08  1.57327767e-18 
 2.20000000e-01  2.20000000e-01  1.10000000e+00 -7.25666403e-03  7.25669409e-03  2.90205935e-08 -5.90806511e-08  7.76864870e-19 
 2.30000000e-01  2.30000000e-01  1.10000000e+00 -7.49733824e-03  7.49736812e-03  2.94651761e-08 -5.93425315e-08  4.10929763e-18 
 2.40000000e-01  2.40000000e-01  1.10000000e+00 -7.73057741e-03  7.73060712e-03  2.99158494e-08 -5.96172043e-08  2.36513436e-18 
 2.50000000e-01  2.50000000e-01  1.10000000e+00 -7.95637087e-03  7.95640040e-03  3.03726815e-08 -5.99046152e-08  4.55915484e-19 
 2.60000000e-01  2.60000000e-01  1.10000000e+00 -8.17469659e-03  8.17472596e-03  3.08357413e-08 -6.02047277e-08  6.41657236e-18 
 2.70000000e-01  2.70000000e-01  1.10000000e+00 -8.38552100e-03  8.38555021e-03  3.13050979e-08 -6.05175242e-08  7.37249536e-20 
 2.80000000e-01  2.80000000e-01  1.10000000e+00 -8.58879910e-03  8.58882816e-03  3.17808214e-08 -6.08430066e-08  4.37581191e-18 
 2.90000000e-01  2.90000000e-01  1.10000000e+00 -8.78447535e-03  8.78450426e-03  3.22629821e-08 -6.11811963e-08  6.13705811e-18 
 3.00000000e-01  3.00000000e-01  1.10000000e+00 -8.97248538e-03  8.97251417e-03  3.27516510e-08 -6.15321342e-08  2.37301574e-18 
 3.10000000e-01  3.10000000e-01  1.10000000e+00 -9.15275903e-03  9.15278768e-03  3.32468998e-08 -6.18958797e-08  9.78733336e-19 
 3.20000000e-01  3.20000000e-01  1.10000000e+00 -9.32522483e-03  9.32525335e-03  3.37488006e-08 -6.22725090e-08  2.27918037e-19 
 3.30000000e-01  3.30000000e-01  1.10000000e+00 -9.48981653e-03  9.48984493e-03  3.42574261e-08 -6.26621117e-08  2.51899658e-18 
 3.40000000e-01  3.40000000e-01  1.10000000e+00 -9.64648152e-03  9.64650981e-03  3.47728493e-08 -6.30647862e-08  5.45440911e-18 
 3.50000000e-01  3.50000000e-01  1.10000000e+00 -9.79519127e-03  9.79521945e-03  3.52951438e-08 -6.34806335e-08  3.36469280e-18 
 3.60000000e-01  3.60000000e-01  1.10000000e+00 -9.93595313e-03  9.93598122e-03  3.58243835e-08 -6.39097488e-08  2.34677757e-18 
 3.70000000e-01  3.70000000e-01  1.10000000e+00 -1.00688226e-02  1.00688506e-02  3.63606424e-08 -6.43522129e-08  5.75082432e-19 
 3.80000000e-01  3.80000000e-01  1.10000000e+00 -1.01939146e-02  1.01939425e-02  3.69039949e-08 -6.48080824e-08  4.42377515e-18 
 3.90000000e-01  3.90000000e-01  1.10000000e+00 -1.03114115e-02  1.03114393e-02  3.74545153e-08 -6.52773814e-08  8.55476807e-19 
 4.00000000e-01  4.00000000e-01  1.10000000e+00 -1.04215672e-02  1.04215949e-02  3.80122776e-08 -6.57600948e-08  5.26044518e-18 
 4.10000000e-01  4.10000000e-01  1.10000000e+00 -1.05247052e-02  1.05247329e-02  3.85773563e-08 -6.62561652e-08  3.27727635e-18 
 4.20000000e-01  4.20000000e-01  1.10000000e+00 -1.06212108e-02  1.06212384e-02  3.91498253e-08 -6.67654931e-08  7.51916441e-18 
 4.30000000e-01  4.30000000e-01  1.10000000e+00 -1.07115181e-02  1.07115457e-02  3.97297588e-08 -6.72879414e-08  4.90418180e-18 
 4.40000000e-01  4.40000000e-01  1.10000000e+00 -1.07960946e-02  1.07961221e-02  4.03172308e-08 -6.78233418e-08  5.18542321e-18 
 4.50000000e-01  4.50000000e-01  1.10000000e+00 -1.08754236e-02  1.08754511e-02  4.09123155e-08 -6.83715041e-08  1.79400255e-18 
 4.60000000e-01  4.60000000e-01  1.10000000e+00 -1.09499885e-02  1.09500159e-02  4.15150872e-08 -6.89322256e-08  2.39570034e-18 
 4.70000000e-01  4.70000000e-01  1.10000000e+00 -1.10202587e-02  1.10202861e-02  4.21256207e-08 -6.95052993e-08  3.46580736e-18 
 4.80000000e-01  4.80000000e-01  1.10000000e+00 -1.10866799e-02  1.10867072e-02  4.27439908e-08 -7.00905217e-08  8.66951456e-19 
 4.90000000e-01  4.90000000e-01  1.10000000e+00 -1.11496664e-02  1.11496937e-02  4.33702730e-08 -7.06876982e-08  2.58881062e-18 
 5.00000000e-01  5.00000000e-01  1.10000000e+00 -1.12095976e-02  1.12096249e-02  4.40045430e-08 -7.12966474e-08  1.51189425e-18 
 5.10000000e-01  5.10000000e-01  1.10000000e+00 -1.12668163e-02  1.12668435e-02  4.46468772e-08 -7.19172033e-08  4.75428344e-18 
 5.20000000e-01  5.20000000e-01  1.10000000e+00 -1.13216295e-02  1.13216567e-02  4.52973524e-08 -7.25492169e-08  3.22096851e-18 
 5.30000000e-01  5.30000000e-01  1.10000000e+00 -1.13743098e-02  1.13743370e-02  4.59560457e-08 -7.31925559e-08  2.60831885e-18 
 5.40000000e-01  5.40000000e-01  1.10000000e+00 -1.14250982e-02  1.14251255e-02  4.66230348e-08 -7.38471046e-08  6.64603226e-19 
 5.50000000e-01  5.50000000e-01  1.10000000e+00 -1.14742069e-02  1.14742341e-02  4.72983981e-08 -7.45127633e-08  1.50575988e-18 
 5.60000000e-01  5.60000000e-01  1.10000000e+00 -1.15218220e-02  1.15218492e-02  4.79822142e-08 -7.51894471e-08  2.32711714e-18 
 5.70000000e-01  5.70000000e-01  1.10000000e+00 -1.15681069e-02  1.15681341e-02  4.86745621e-08 -7.58770844e-08  2.80988622e-18 
 5.80000000e-01  5.80000000e-01  1.10000000e+00 -1.16132048e-02  1.16132320e-02  4.93755215e-08 -7.65756163e-08  5.76762601e-18 
 5.90000000e-01  5.90000000e-01  1.10000000e+00 -1.16572412e-02  1.16572684e-02  5.00851722e-08 -7.72849950e-08  2.88381631e-18 
 6.00000000e-01  6.00000000e-01  1.10000000e+00 -1.17003264e-02  1.17003536e-02  5.08035947e-08 -7.80051831e-08  4.77885401e-19 
 6.10000000e-01  6.10000000e-01  1.10000000e+00 -1.17425570e-02  1.17425842e-02  5.15308697e-08 -7.87361524e-08  1.58046422e-18 
 6.20000000e-01  6.20000000e-01  1.10000000e+00 -1.17840183e-02  1.17840455e-02  5.22670783e-08 -7.94778828e-08  7.66194240e-19 
 6.30000000e-01  6.30000000e-01  1.10000000e+00 -1.18247853e-02  1.18248126e-02  5.30123023e-08 -8.02303620e-08  6.35453381e-19 
 6.40000000e-01  6.40000000e-01  1.10000000e+00 -1.18649244e-02  1.18649516e-02  5.37666233e-08 -8.09935845e-08  1.45373353e-18 
 6.50000000e-01  6.50000000e-01  1.10000000e+00 -1.19044941e-02  1.19045213e-02  5.45301237e-08 -8.17675508e-08  4.37333699e-18 
 6.60000000e-01  6.60000000e-01  1.10000000e+00 -1.19435465e-02  1.19435738e-02  5.53028862e-08 -8.25522672e-08  2.67648515e-18 
 6.70000000e-01  6.70000000e-01  1.10000000e+00 -1.19821279e-02  1.19821552e-02  5.60849936e-08 -8.33477450e-08  7.67041273e-19 
 6.80000000e-01  6.80000000e-01  1.10000000e+00 -1.20202795e-02  1.20203068e-02  5.68765293e-08 -8.41540003e-08  1.31817517e-18 
 6.90000000e-01  6.90000000e-01  1.10000000e+00 -1.20580382e-02  1.20580655e-02  5.76775769e-08 -8.49710535e-08  5.48621916e-18 
 7.00000000e-01  7.00000000e-01  1.10000000e+00 -1.20954367e-02  1.20954640e-02  5.84882204e-08 -8.57989289e-08  1.55487456e-18 
 7.10000000e-01  7.10000000e-01  1.10000000e+00 -1.21325048e-02  1.21325321e-02  5.93085439e-08 -8.66376545e-08  2.21816753e-19 
 7.20000000e-01  7.20000000e-01  1.10000000e+00 -1.21692688e-02  1.21692962e-02  6.01386322e-08 -8.74872617e-08  2.54451344e-18 
 7.30000000e-01  7.30000000e-01  1.10000000e+00 -1.22057529e-02  1.22057802e-02  6.09785702e-08 -8.83477850e-08  3.07875301e-18 
 7.40000000e-01  7.40000000e-01  1.10000000e+00 -1.22419784e-02  1.22420058e-02  6.18284430e-08 -8.92192619e-08  1.60716561e-18 
 7.50000000e-01  7.50000000e-01  1.10000000e+00 -1.22779651e-02  1.22779925e-02  6.26883361e-08 -9.01017327e-08  1.42169186e-19 
 7.60000000e-01  7.60000000e-01  1.10000000e+00 -1.23137305e-02  1.23137580e-02  6.35583354e-08 -9.09952402e-08  2.86216403e-18 
 7.70000000e-01  7.70000000e-01  1.10000000e+00 -1.23492909e-02  1.23493183e-02  6.44385269e-08 -9.18998295e-08  2.87263283e-19 
 7.80000000e-01  7.80000000e-01  1.10000000e+00 -1.23846607e-02  1.23846882e-02  6.53289971e-08 -9.28155483e-08  8.75117383e-19 
 7.90000000e-01  7.90000000e-01  1.10000000e+00 -1.24198535e-02  1.24198810e-02  6.62298326e-08 -9.37424462e-08  1.78083383e-18 
 8.00000000e-01  8.00000000e-01  1.10000000e+00 -1.24548813e-02  1.24549089e-02  6.71411204e-08 -9.46805748e-08  2.25084447e-18 
 8.10000000e-01  8.10000000e-01  1.10000000e+00 -1.24897554e-02  1.24897830e-02  6.80629478e-08 -9.56299880e-08  1.57654007e-19 
 8.20000000e-01  8.20000000e-01  1.10000000e+00 -1.25244860e-02  1.25245136e-02  6.89954023e-08 -9.65907410e-08  1.42072572e-18 
 8.30000000e-01  8.30000000e-01  1.10000000e+00 -1.25590826e-02  1.25591103e-02  6.99385716e-08 -9.75628912e-08  3.98134602e-18 
 8.40000000e-01  8.40000000e-01  1.10000000e+00 -1.25935539e-02  1.25935816e-02  7.08925439e-08 -9.85464974e-08  6.23879470e-18 
 8.50000000e-01  8.50000000e-01  1.10000000e+00 -1.26279079e-02  1.26279356e-02  7.18574074e-08 -9.95416201e-08  4.48916874e-18 
 8.60000000e-01  8.60000000e-01  1.10000000e+00 -1.26621520e-02  1.26621797e-02  7.28332509e-08 -1.00548321e-07  7.97203587e-19 
 8.70000000e-01  8.70000000e-01  1.10000000e+00 -1.26962933e-02  1.26963211e-02  7.38201631e-08 -1.01566664e-07  1.49785865e-18 
 8.80000000e-01  8.80000000e-01  1.10000000e+00 -1.27303382e-02  1.27303660e-02  7.48182333e-08 -1.02596714e-07  7.11613555e-19 
 8.90000000e-01  8.90000000e-01  1.10000000e+00 -1.27642927e-02  1.27643205e-02  7.58275508e-08 -1.03638537e-07  4.77567764e-19 
 9.00000000e-01  9.00000000e-01  1.10000000e+00 -1.27981627e-02  1.27981905e-02  7.68482052e-08 -1.04692200e-07  3.07586780e-18 
 9.10000000e-01  9.10000000e-01  1.10000000e+00 -1.28319534e-02  1.28319813e-02  7.78802866e-08 -1.05757773e-07  1.13708879e-18 
 9.20000000e-01  9.20000000e-01  1.10000000e+00 -1.28656700e-02  1.28656980e-02  7.89238850e-08 -1.06835324e-07  4.48501299e-18 
 9.30000000e-01  9.30000000e-01  1.10000000e+00 -1.28993175e-02  1.28993455e-02  7.99790909e-08 -1.07924925e-07  9.48491612e-19 
 9.40000000e-01  9.40000000e-01  1.10000000e+00 -1.29329006e-02  1.29329285e-02  8.10459950e-08 -1.09026648e-07  1.94489353e-18 
 9.50000000e-01  9.50000000e-01  1.10000000e+00 -1.29664237e-02  1.29664517e-02  8.21246881e-08 -1.10140567e-07  1.41735082e-18 
 9.60000000e-01  9.60000000e-01  1.10000000e+00 -1.29998915e-02  1.29999195e-02  8.32152615e-08 -1.11266755e-07  2.45441031e-19 
 9.70000000e-01  9.70000000e-01  1.10000000e+00 -1.30333082e-02  1.30333363e-02  8.43178066e-08 -1.12405287e-07  5.39610280e-18 
 9.80000000e-01  9.80000000e-01  1.10000000e+00 -1.30666782e-02  1.30667063e-02  8.54324150e-08 -1.13556240e-07  2.73909279e-18 
 9.90000000e-01  9.90000000e-01  1.10000000e+00 -1.31000057e-02  1.31000339e-02  8.65591787e-08 -1.14719691e-07  4.81240445e-18 
 1.00000000e+00  1.00000000e+00  1.10000000e+00 -1.31332951e-02  1.31333233e-02  8.76981897e-08 -1.15895718e-07  2.17442622e-18 
 1.01000000e+00  1.01000000e+00  1.10000000e+00 -1.31665508e-02  1.31665790e-02  8.88495406e-08 -1.17084399e-07  1.32531539e-18 
 1.02000000e+00  1.02000000e+00  1.10000000e+00 -1.31997770e-02  1.31998053e-02  9.00133239e-08 -1.18285815e-07  4.37198703e-18 
 1.03000000e+00  1.03000000e+00  1.10000000e+00 -1.32329783e-02  1.32330066e-02  9.11896326e-08 -1.19500045e-07  2.43659615e-18 
 1.04000000e+00  1.04000000e+00  1.10000000e+00 -1.32661593e-02  1.32661877e-02  9.23785596e-08 -1.20727172e-07  2.55847625e-18 
 1.05000000e+00  1.05000000e+00  1.10000000e+00 -1.32993248e-02  1.32993531e-02  9.35801985e-08 -1.21967277e-07  3.41167666e-18 
 1.06000000e+00  1.06000000e+00  1.10000000e+00 -1.33324795e-02  1.33325079e-02  9.47946428e-08 -1.23220443e-07  1.01906004e-18 
 1.07000000e+00  1.07000000e+00  1.10000000e+00 -1.33656285e-02  1.33656570e-02  9.60219863e-08 -1.24486755e-07  3.55481199e-18 
 1.08000000e+00  1.08000000e+00  1.10000000e+00 -1.33987771e-02  1.33988056e-02  9.72623231e-08 -1.25766300e-07  5.10279117e-18 
 1.09000000e+00  1.09000000e+00  1.10000000e+00 -1.34319308e-02  1.34319593e-02  9.85157475e-08 -1.27059161e-07  1.14219746e-18 
 1.10000000e+00  1.10000000e+00  1.10000000e+00 -1.34650952e-02  1.34651238e-02  9.97823541e-08 -1.28365348e-07  1.36716412e-18 
 1.11000000e+00  1.11000000e+00  1.10000000e+00 -1.34982763e-02  1.34983049e-02  1.01062238e-07 -1.29684825e-07  2.55011180e-18 
 1.12000000e+00  1.12000000e+00  1.10000000e+00 -1.35314802e-02  1.35315089e-02  1.02355493e-07 -1.31017643e-07  3.04174825e-18 
 1.13000000e+00  1.13000000e+00  1.10000000e+00 -1.35647135e-02  1.35647422e-02  1.03662216e-07 -1.32363884e-07  2.17171307e-18 
 1.14000000e+00  1.14000000e+00  1.10000000e+00 -1.35979828e-02  1.35980115e-02  1.04982502e-07 -1.33723631e-07  1.14524148e-18 
 1.15000000e+00  1.15000000e+00  1.10000000e+00 -1.36312953e-02  1.36313241e-02  1.06316446e-07 -1.35096968e-07  2.03305113e-18 
 1.16000000e+00  1.16000000e+00  1.10000000e+00 -1.36646583e-02  1.36646871e-02  1.07664145e-07 -1.36483982e-07  9.56750184e-19 
 1.17000000e+00  1.17000000e+00  1.10000000e+00 -1.36980794e-02  1.36981083e-02  1.09025694e-07 -1.37884756e-07  2.97202685e-18 
 1.18000000e+00  1.18000000e+00  1.10000000e+00 -1.37315668e-02  1.37315957e-02  1.10401191e-07 -1.39299377e-07  1.50308643e-19 
 1.19000000e+00  1.19000000e+00  1.10000000e+00 -1.37651287e-02  1.37651576e-02  1.11790731e-07 -1.40727929e-07  3.44457859e-18 
 1.20000000e+00  1.20000000e+00  1.10000000e+00 -1.37987738e-02  1.37988028e-02  1.13194412e-07 -1.42170495e-07  9.26442286e-21 
 0.00000000e+00  0.00000000e+00  1.20000000e+00  2.71402094e-08  2.71402094e-08  8.00048482e-08 -1.34285267e-07  4.14893943e-18 
 1.00000000e-02  1.00000000e-02  1.20000000e+00 -4.26466073e-04  4.26519889e-04  8.10959683e-08 -1.34911997e-07  8.33427481e-19 
 2.00000000e-02  2.00000000e-02  1.20000000e+00 -8.44948469e-04  8.45001743e-04  8.21995233e-08 -1.35473912e-07  4.18930584e-18 
 3.00000000e-02  3.00000000e-02  1.20000000e+00 -1.25549714e-03  1.25554987e-03  8.33156101e-08 -1.36046859e-07  5.39771746e-19 
 4.00000000e-02  4.00000000e-02  1.20000000e+00 -1.65818994e-03  1.65824215e-03  8.44443286e-08 -1.36651618e-07  4.23603824e-18 
 5.00000000e-02  5.00000000e-02  1.20000000e+00 -2.05310480e-03  2.05315651e-03  8.55857802e-08 -1.37289075e-07  9.48359264e-19 
 6.00000000e-02  6.00000000e-02  1.20000000e+00 -2.44031910e-03  2.44037032e-03  8.67400664e-08 -1.37957826e-07  5.38846627e-18 
 7.00000000e-02  7.00000000e-02  1.20000000e+00 -2.81990929e-03  2.81996004e-03  8.79072892e-08 -1.38656602e-07  2.25649577e-18 
 8.00000000e-02  8.00000000e-02  1.20000000e+00 -3.19195053e-03  3.19200083e-03  8.90875507e-08 -1.39384437e-07  2.05547103e-18 
 9.00000000e-02  9.00000000e-02  1.20000000e+00 -3.55651640e-03  3.55656626e-03  9.02809533e-08 -1.40140586e-07  3.33928181e-18 
 1.00000000e-01  1.00000000e-01  1.20000000e+00 -3.91367864e-03  3.91372808e-03  9.14875999e-08 -1.40924451e-07  2.00901657e-18 
 1.10000000e-01  1.10000000e-01  1.20000000e+00 -4.26350694e-03  4.26355597e-03  9.27075933e-08 -1.41735534e-07  1.18420500e-18 
 1.20000000e-01  1.20000000e-01  1.20000000e+00 -4.60606871e-03  4.60611734e-03  9.39410368e-08 -1.42573406e-07  2.80677602e-18 
 1.30000000e-01  1.30000000e-01  1.20000000e+00 -4.94142882e-03  4.94147707e-03  9.51880342e-08 -1.43437686e-07  6.91917392e-18 
 1.40000000e-01  1.40000000e-01  1.20000000e+00 -5.26964944e-03  5.26969732e-03  9.64486891e-08 -1.44328035e-07  1.55626422e-18 
 1.50000000e-01  1.50000000e-01  1.20000000e+00 -5.59078976e-03  5.59083728e-03  9.77231059e-08 -1.45244142e-07  2.34168876e-18 
 1.60000000e-01  1.60000000e-01  1.20000000e+00 -5.90490573e-03  5.90495290e-03  9.90113890e-08 -1.46185726e-07  1.90068899e-18 
 1.70000000e-01  1.70000000e-01  1.20000000e+00 -6.21204980e-03  6.21209664e-03  1.00313643e-07 -1.47152528e-07  2.49987216e-18 
 1.80000000e-01  1.80000000e-01  1.20000000e+00 -6.51227063e-03  6.51231715e-03  1.01629974e-07 -1.48144309e-07  2.39949876e-18 
 1.90000000e-01  1.90000000e-01  1.20000000e+00 -6.80561271e-03  6.80565891e-03  1.02960486e-07 -1.49160852e-07  2.41456006e-18 
 2.00000000e-01  2.00000000e-01  1.20000000e+00 -7.09211602e-03  7.09216191e-03  1.04305285e-07 -1.50201956e-07  3.29393908e-18 
 2.10000000e-01  2.10000000e-01  1.20000000e+00 -7.37181558e-03  7.37186118e-03  1.05664477e-07 -1.51267442e-07  1.56093614e-18 
 2.20000000e-01  2.20000000e-01  1.20000000e+00 -7.64474102e-03  7.64478634e-03  1.07038170e-07 -1.52357144e-07  6.24289752e-19 
 2.30000000e-01  2.30000000e-01  1.20000000e+00 -7.91091605e-03  7.91096110e-03  1.08426468e-07 -1.53470918e-07  1.00979562e-18 
 2.40000000e-01  2.40000000e-01  1.20000000e+00 -8.17035792e-03  8.17040269e-03  1.09829481e-07 -1.54608635e-07  1.11586003e-18 
 2.50000000e-01  2.50000000e-01  1.20000000e+00 -8.42307677e-03  8.42312130e-03  1.11247313e-07 -1.55770187e-07  6.98974235e-19 
 2.60000000e-01  2.60000000e-01  1.20000000e+00 -8.66907508e-03  8.66911936e-03  1.12680075e-07 -1.56955484e-07  1.11763350e-18 
 2.70000000e-01  2.70000000e-01  1.20000000e+00 -8.90834694e-03  8.90839097e-03  1.14127873e-07 -1.58164453e-07  2.66193339e-19 
 2.80000000e-01  2.80000000e-01  1.20000000e+00 -9.14087741e-03  9.14092122e-03  1.15590816e-07 -1.59397044e-07  2.86148905e-18 
 2.90000000e-01  2.90000000e-01  1.20000000e+00 -9.36664199e-03  9.36668557e-03  1.17069012e-07 -1.60653227e-07  2.94645705e-18 
 3.00000000e-01  3.00000000e-01  1.20000000e+00 -9.58560605e-03  9.58564942e-03  1.18562572e-07 -1.61932995e-07  7.55369424e-18 
 3.10000000e-01  3.10000000e-01  1.20000000e+00 -9.79772460e-03  9.79776776e-03  1.20071605e-07 -1.63236361e-07  4.25422298e-19 
 3.20000000e-01  3.20000000e-01  1.20000000e+00 -1.00029423e-02  1.00029853e-02  1.21596220e-07 -1.64563365e-07  1.02035706e-18 
 3.30000000e-01  3.30000000e-01  1.20000000e+00 -1.02011941e-02  1.02012369e-02  1.23136528e-07 -1.65914069e-07  1.01654542e-18 
 3.40000000e-01  3.40000000e-01  1.20000000e+00 -1.03924061e-02  1.03924487e-02  1.24692641e-07 -1.67288557e-07  2.13187605e-19 
 3.50000000e-01  3.50000000e-01  1.20000000e+00 -1.05764982e-02  1.05765406e-02  1.26264669e-07 -1.68686940e-07  8.76626161e-19 
 3.60000000e-01  3.60000000e-01  1.20000000e+00 -1.07533869e-02  1.07534292e-02  1.27852724e-07 -1.70109346e-07  4.57000745e-18 
 3.70000000e-01  3.70000000e-01  1.20000000e+00 -1.09229903e-02  1.09230324e-02  1.29456918e-07 -1.71555923e-07  2.55046914e-18 
 3.80000000e-01  3.80000000e-01  1.20000000e+00 -1.10852342e-02  1.10852762e-02  1.31077364e-07 -1.73026832e-07  2.60663802e-18 
 3.90000000e-01  3.90000000e-01  1.20000000e+00 -1.12400604e-02  1.12401022e-02  1.32714175e-07 -1.74522239e-07  2.47767725e-18 
 4.00000000e-01  4.00000000e-01  1.20000000e+00 -1.13874356e-02  1.13874773e-02  1.34367463e-07 -1.76042308e-07  3.72048634e-18 
 4.10000000e-01  4.10000000e-01  1.20000000e+00 -1.15273616e-02  1.15274032e-02  1.36037343e-07 -1.77587191e-07  3.55454729e-18 
 4.20000000e-01  4.20000000e-01  1.20000000e+00 -1.16598858e-02  1.16599273e-02  1.37723926e-07 -1.79157015e-07  2.20416502e-18 
 4.30000000e-01  4.30000000e-01  1.20000000e+00 -1.17851097e-02  1.17851511e-02  1.39427327e-07 -1.80751874e-07  2.51346439e-18 
 4.40000000e-01  4.40000000e-01  1.20000000e+00 -1.19031951e-02  1.19032363e-02  1.41147660e-07 -1.82371817e-07  8.21886657e-19 
 4.50000000e-01  4.50000000e-01  1.20000000e+00 -1.20143665e-02  1.20144077e-02  1.42885036e-07 -1.84016843e-07  1.93388210e-19 
 4.60000000e-01  4.60000000e-01  1.20000000e+00 -1.21189091e-02  1.21189502e-02  1.44639570e-07 -1.85686896e-07  9.69535087e-19 
 4.70000000e-01  4.70000000e-01  1.20000000e+00 -1.22171619e-02  1.22172029e-02  1.46411374e-07 -1.87381867e-07  1.56825503e-18 
 4.80000000e-01  4.80000000e-01  1.20000000e+00 -1.23095071e-02  1.23095480e-02  1.48200560e-07 -1.89101603e-07  7.50995293e-18 
 4.90000000e-01  4.90000000e-01  1.20000000e+00 -1.23963574e-02  1.23963982e-02  1.50007243e-07 -1.90845908e-07  6.21012793e-18 
 5.00000000e-01  5.00000000e-01  1.20000000e+00 -1.24781416e-02  1.24781824e-02  1.51831534e-07 -1.92614560e-07  1.17274359e-18 
 5.10000000e-01  5.10000000e-01  1.20000000e+00 -1.25552916e-02  1.25553324e-02  1.53673547e-07 -1.94407320e-07  2.47990071e-18 
 5.20000000e-01  5.20000000e-01  1.20000000e+00 -1.26282309e-02  1.26282716e-02  1.55533394e-07 -1.96223943e-07  2.55187204e-18 
 5.30000000e-01  5.30000000e-01  1.20000000e+00 -1.26973650e-02  1.26974056e-02  1.57411190e-07 -1.98064183e-07  1.25506460e-18 
 5.40000000e-01  5.40000000e-01  1.20000000e+00 -1.27630752e-02  1.27631158e-02  1.59307047e-07 -1.99927807e-07  1.68503970e-18 
 5.50000000e-01  5.50000000e-01  1.20000000e+00 -1.28257146e-02  1.28257551e-02  1.61221081e-07 -2.01814594e-07  2.24487554e-18 
 5.60000000e-01  5.60000000e-01  1.20000000e+00 -1.28856056e-02  1.28856462e-02  1.63153406e-07 -2.03724344e-07  5.13495195e-18 
 5.70000000e-01  5.70000000e-01  1.20000000e+00 -1.29430405e-02  1.29430810e-02  1.65104136e-07 -2.05656875e-07  3.68750500e-18 
 5.80000000e-01  5.80000000e-01  1.20000000e+00 -1.29982813e-02  1.29983218e-02  1.67073388e-07 -2.07612026e-07  3.24805372e-18 
 5.90000000e-01  5.90000000e-01  1.20000000e+00 -1.30515623e-02  1.30516028e-02  1.69061278e-07 -2.09589658e-07  3.05937713e-18 
 6.00000000e-01  6.00000000e-01  1.20000000e+00 -1.31030916e-02  1.31031321e-02  1.71067922e-07 -2.11589651e-07  2.55634543e-18 
 6.10000000e-01  6.10000000e-01  1.20000000e+00 -1.31530537e-02  1.31530942e-02  1.73093437e-07 -2.13611904e-07  4.27709287e-18 
 6.20000000e-01  6.20000000e-01  1.20000000e+00 -1.32016119e-02  1.32016524e-02  1.75137941e-07 -2.15656334e-07  2.33008176e-18 
 6.30000000e-01  6.30000000e-01  1.20000000e+00 -1.32489104e-02  1.32489510e-02  1.77201551e-07 -2.17722876e-07  4.68568039e-19 
 6.40000000e-01  6.40000000e-01  1.20000000e+00 -1.32950767e-02  1.32951173e-02  1.79284386e-07 -2.19811476e-07  4.13431488e-18 
 6.50000000e-01  6.50000000e-01  1.20000000e+00 -1.33402235e-02  1.33402640e-02  1.81386564e-07 -2.21922097e-07  5.26558032e-18 
 6.60000000e-01  6.60000000e-01  1.20000000e+00 -1.33844503e-02  1.33844909e-02  1.83508206e-07 -2.24054713e-07  3.82758307e-18 
 6.70000000e-01  6.70000000e-01  1.20000000e+00 -1.34278454e-02  1.34278859e-02  1.85649431e-07 -2.26209310e-07  1.56105525e-18 
 6.80000000e-01  6.80000000e-01  1.20000000e+00 -1.34704869e-02  1.34705275e-02  1.87810358e-07 -2.28385883e-07  2.54469873e-18 
 6.90000000e-01  6.90000000e-01  1.20000000e+00 -1.35124443e-02  1.35124849e-02  1.89991109e-07 -2.30584437e-07  3.87694921e-18 
 7.00000000e-01  7.00000000e-01  1.20000000e+00 -1.35537793e-02  1.35538199e-02  1.92191805e-07 -2.32804985e-07  2.58270934e-18 
 7.10000000e-01  7.10000000e-01  1.20000000e+00 -1.35945469e-02  1.35945875e-02  1.94412567e-07 -2.35047548e-07  3.42201311e-18 
 7.20000000e-01  7.20000000e-01  1.20000000e+00 -1.36347962e-02  1.36348369e-02  1.96653517e-07 -2.37312155e-07  2.84912767e-18 
 7.30000000e-01  7.30000000e-01  1.20000000e+00 -1.36745712e-02  1.36746118e-02  1.98914778e-07 -2.39598838e-07  2.21462058e-18 
 7.40000000e-01  7.40000000e-01  1.20000000e+00 -1.37139111e-02  1.37139518e-02  2.01196472e-07 -2.41907639e-07  1.25154412e-18 
 7.50000000e-01  7.50000000e-01  1.20000000e+00 -1.37528515e-02  1.37528922e-02  2.03498722e-07 -2.44238603e-07  1.49792483e-18 
 7.60000000e-01  7.60000000e-01  1.20000000e+00 -1.37914240e-02  1.37914647e-02  2.05821653e-07 -2.46591780e-07  2.85656568e-18 
 7.70000000e-01  7.70000000e-01  1.20000000e+00 -1.38296573e-02  1.38296981e-02  2.08165389e-07 -2.48967226e-07  4.99357686e-18 
 7.80000000e-01  7.80000000e-01  1.20000000e+00 -1.38675774e-02  1.38676182e-02  2.10530054e-07 -2.51365000e-07  5.23704589e-19 
 7.90000000e-01  7.90000000e-01  1.20000000e+00 -1.39052077e-02  1.39052486e-02  2.12915773e-07 -2.53785165e-07  6.07322623e-19 
 8.00000000e-01  8.00000000e-01  1.20000000e+00 -1.39425695e-02  1.39426104e-02  2.15322672e-07 -2.56227789e-07  7.09353036e-18 
 8.10000000e-01  8.10000000e-01  1.20000000e+00 -1.39796821e-02  1.39797230e-02  2.17750877e-07 -2.58692942e-07  9.07648743e-19 
 8.20000000e-01  8.20000000e-01  1.20000000e+00 -1.40165631e-02  1.40166041e-02  2.20200515e-07 -2.61180697e-07  7.06028431e-19 
 8.30000000e-01  8.30000000e-01  1.20000000e+00 -1.40532285e-02  1.40532695e-02  2.22671711e-07 -2.63691133e-07  3.83510049e-18 
 8.40000000e-01  8.40000000e-01  1.20000000e+00 -1.40896931e-02  1.40897341e-02  2.25164595e-07 -2.66224329e-07  6.56656998e-18 
 8.50000000e-01  8.50000000e-01  1.20000000e+00 -1.41259702e-02  1.41260113e-02  2.27679293e-07 -2.68780369e-07  5.77020019e-18 
 8.60000000e-01  8.60000000e-01  1.20000000e+00 -1.41620721e-02  1.41621133e-02  2.30215935e-07 -2.71359336e-07  7.80620270e-19 
 8.70000000e-01  8.70000000e-01  1.20000000e+00 -1.41980103e-02  1.41980514e-02  2.32774648e-07 -2.73961320e-07  2.95926842e-18 
 8.80000000e-01  8.80000000e-01  1.20000000e+00 -1.42337950e-02  1.42338363e-02  2.35355563e-07 -2.76586411e-07  2.22473204e-18 
 8.90000000e-01  8.90000000e-01  1.20000000e+00 -1.42694361e-02  1.42694774e-02  2.37958809e-07 -2.79234701e-07  4.25978163e-18 
 9.00000000e-01  9.00000000e-01  1.20000000e+00 -1.43049424e-02  1.43049837e-02  2.40584517e-07 -2.81906286e-07  9.71123274e-19 
 9.10000000e-01  9.10000000e-01  1.20000000e+00 -1.43403222e-02  1.43403636e-02  2.43232817e-07 -2.84601263e-07  3.76304975e-18 
 9.20000000e-01  9.20000000e-01  1.20000000e+00 -1.43755833e-02  1.43756247e-02  2.45903841e-07 -2.87319730e-07  6.70278347e-18 
 9.30000000e-01  9.30000000e-01  1.20000000e+00 -1.44107329e-02  1.44107743e-02  2.48597722e-07 -2.90061789e-07  1.02130998e-18 
 9.40000000e-01  9.40000000e-01  1.20000000e+00 -1.44457777e-02  1.44458192e-02  2.51314590e-07 -2.92827542e-07  1.55065263e-18 
 9.50000000e-01  9.50000000e-01  1.20000000e+00 -1.44807243e-02  1.44807658e-02  2.54054580e-07 -2.95617095e-07  2.75063362e-18 
 9.60000000e-01  9.60000000e-01  1.20000000e+00 -1.45155786e-02  1.45156202e-02  2.56817825e-07 -2.98430554e-07  6.46794359e-18 
 9.70000000e-01  9.70000000e-01  1.20000000e+00 -1.45503464e-02  1.45503881e-02  2.59604459e-07 -3.01268027e-07  8.67255859e-19 
 9.80000000e-01  9.80000000e-01  1.20000000e+00 -1.45850333e-02  1.45850750e-02  2.62414617e-07 -3.04129625e-07  2.41425566e-18 
 9.90000000e-01  9.90000000e-01  1.20000000e+00 -1.46196446e-02  1.46196864e-02  2.65248433e-07 -3.07015459e-07  6.16015299e-18 
 1.00000000e+00  1.00000000e+00  1.20000000e+00 -1.46541855e-02  1.46542273e-02  2.68106044e-07 -3.09925642e-07  9.18676053e-18 
 1.01000000e+00  1.01000000e+00  1.20000000e+00 -1.46886610e-02  1.46887029e-02  2.70987585e-07 -3.12860289e-07  2.35612802e-18 
 1.02000000e+00  1.02000000e+00  1.20000000e+00 -1.47230762e-02  1.47231181e-02  2.73893194e-07 -3.15819517e-07  1.56489337e-19 
 1.03000000e+00  1.03000000e+00  1.20000000e+00 -1.47574358e-02  1.47574777e-02  2.76823009e-07 -3.18803442e-07  1.34508832e-18 
 1.04000000e+00  1.04000000e+00  1.20000000e+00 -1.47917448e-02  1.47917868e-02  2.79777166e-07 -3.21812185e-07  3.38993173e-18 
 1.05000000e+00  1.05000000e+00  1.20000000e+00 -1.48260081e-02  1.48260502e-02  2.82755805e-07 -3.24845865e-07  1.14211805e-18 
 1.06000000e+00  1.06000000e+00  1.20000000e+00 -1.48602306e-02  1.48602728e-02  2.85759065e-07 -3.27904605e-07  4.96043670e-19 
 1.07000000e+00  1.07000000e+00  1.20000000e+00 -1.48944175e-02  1.48944597e-02  2.88787086e-07 -3.30988528e-07  5.95003588e-18 
 1.08000000e+00  1.08000000e+00  1.20000000e+00 -1.49285737e-02  1.49286160e-02  2.91840007e-07 -3.34097758e-07  1.54710568e-18 
 1.09000000e+00  1.09000000e+00  1.20000000e+00 -1.49627046e-02  1.49627470e-02  2.94917971e-07 -3.37232422e-07  4.65534602e-18 
 1.10000000e+00  1.10000000e+00  1.20000000e+00 -1.49968156e-02  1.49968580e-02  2.98021118e-07 -3.40392647e-07  1.33900027e-18 
 1.11000000e+00  1.11000000e+00  1.20000000e+00 -1.50309122e-02  1.50309546e-02  3.01149591e-07 -3.43578561e-07  5.03984604e-19 
 1.12000000e+00  1.12000000e+00  1.20000000e+00 -1.50650002e-02  1.50650427e-02  3.04303533e-07 -3.46790294e-07  5.42556366e-18 
 1.13000000e+00  1.13000000e+00  1.20000000e+00 -1.50990856e-02  1.50991281e-02  3.07483088e-07 -3.50027977e-07  5.35065419e-18 
 1.14000000e+00  1.14000000e+00  1.20000000e+00 -1.51331747e-02  1.51332173e-02  3.10688398e-07 -3.53291742e-07  4.47445154e-18 
 1.15000000e+00  1.15000000e+00  1.20000000e+00 -1.51672738e-02  1.51673165e-02  3.13919610e-07 -3.56581723e-07  2.25257824e-19 
 1.16000000e+00  1.16000000e+00  1.20000000e+00 -1.52013899e-02  1.52014327e-02  3.17176869e-07 -3.59898053e-07  5.18701801e-19 
 1.17000000e+00  1.17000000e+00  1.20000000e+00 -1.52355300e-02  1.52355728e-02  3.20460320e-07 -3.63240871e-07  9.22418880e-19 
 1.18000000e+00  1.18000000e+00  1.20000000e+00 -1.52697014e-02  1.52697443e-02  3.23770110e-07 -3.66610314e-07  1.53180615e-18 
 1.19000000e+00  1.19000000e+00  1.20000000e+00 -1.53039118e-02  1.53039547e-02  3.27106388e-07 -3.70006521e-07  4.04860573e-18 
 1.20000000e+00  1.20000000e+00  1.20000000e+00 -1.53381693e-02  1.53382123e-02  3.30469300e-07 -3.73429552e-07  3.87094057e-19 
